id,type,name__nl,name__en,name__ga,name__zh,start_date,name__pl,name__fr,name__ja,name__de,name__en_ca,name__en_gb,name__gv,name__ru,name__zh_hant,end_date,name__zh_cn,name__af,name__an,name__ast,name__bar,name__bm,name__br,name__ca,name__co,name__cs,name__cy,name__da,name__de_at,name__de_ch,name__eo,name__es,name__et,name__eu,name__fi,name__frc,name__frp,name__fur,name__gd,name__gl,name__gsw,name__hr,name__hu,name__ia,name__id,name__ie,name__io,name__it,name__jam,name__kab,name__kg,name__lb,name__li,name__lij,name__lt,name__lv,name__mg,name__min,name__ms,name__nap,name__nb,name__nds,name__nds_nl,name__nn,name__nrm,name__oc,name__pap,name__pcd,name__pms,name__prg,name__pt,name__pt_br,name__rgn,name__rm,name__ro,name__sc,name__scn,name__sco,name__sk,name__sr_el,name__sv,name__sw,name__tr,name__vec,name__vi,name__vls,name__vmf,name__vo,name__wa,name__wo,name__zu,flag,coat_of_arms,identifier__freebase,identifier__gnd,name__ko,name__he,name__sr_ec,name__sr,iso_code,website,identifier__dmoz,identifier__fips,identifier__geonames,replaces,name__ar,name__be,name__bg,name__bpy,name__el,name__fa,name__gn,name__hi,name__is,name__ka,name__kw,name__la,name__mk,name__mr,name__os,name__pnb,name__qu,name__sh,name__tet,name__tg,name__th,name__uk,name__war,name__yi,name__yo,name__eml,name__be_tarask,name__uz,name__nan,name__ta,name__ur,name__hy,name__ceb,name__cbk_zam,name__az,name__ay,identifier__bnf,name__ang,name__mwl,name__so,name__sq,name__zh_hans,name__yue,name__mn,name__ku,name__nah,name__vep,name__ne,name__kk,identifier__tgn,name__dz,name__bs,name__sm,name__arz,name__pa,name__lmo,name__tl,name__ml,name__bn,name__na,name__sl,name__za,name__lad,name__xmf,name__zh_hk,name__zh_sg,name__zh_tw
Q1155409,"state of Brazil",Guanabara,Guanabara,,"瓜納巴拉州",1960-04-14,,"État de Guanabara",,"Guanabara (Bundesstaat)",,,,,,1975-03-15,,,,,,,,,,Guanabara,,,,,,"Estado de Guanabara","Guanabara osariik",,,,,,,,,Guanabara,,,,,,Guanabara,,,,,,,,,,,,,Guanabara,,,,,,,,,,Guanabara,,,,,,,,,Guanabara,,,,,,,,,,,,https://upload.wikimedia.org/wikipedia/commons/5/59/Bandeira_do_Estado_da_Guanabara.png,https://upload.wikimedia.org/wikipedia/commons/3/31/Escudo_Rio_de_Janeiro.gif,/m/04l2z6,4764095-9,"구아나바라 주","גואנברה","Гуанабара","Гуанабара",,,,,,,,,,,,,,,,,,,,,,,,,,,,,,,,,,,,,,,,,,,,,,,,,,,,,,,,,,,,,,,,,,,,,,,,,
Q119158,"federal district","Federaal District","Federal District",,"聯邦區",1960-04-21,"Dystrykt Federalny","District Fédéral","ブラジリア連邦直轄区","Bundesdistrikt von Brasilien",,,,"Федеральный округ","聯邦區",,"联邦区","Federale Distrik",,,,,"Distrig kevredadel","Districte Federal del Brasil",,"Distrito Federal do Brasil","Distrito Federal","Distrito Federal",,,"Federacia Distrikto","Distrito Federal",Liiduringkond,"Barruti Federala","Distrito Federal",,,,,"Distrito Federal",,"Brazilski federalni distrikt","Szövetségi kerület","Districto Federal","Distrik Federal Brasil",,,"Distretto Federale",,,,,,,,"Federālais distrikts",,,"Wilayah Persekutuan Brazil",,"Distrito Federal",,,,,,,,"Distret Federal dël Brasil",,"Distrito Federal","Distrito Federal",,,"Districtul Federal",,,"Federal Destrict","Distrito Federal do Brasil","Savezni distrikt Brazila","Brasiliens federala distrikt",,"Federal Bölge",,"Quận liên bang Brasil",,,,,,,https://upload.wikimedia.org/wikipedia/commons/3/3c/Bandeira_do_Distrito_Federal_(Brasil).svg,"https://upload.wikimedia.org/wikipedia/commons/e/e0/Brasão_do_Distrito_Federal_(Brasil).svg",/m/012l8y,,"연방구","המחוז הפדרלי של ברזיל","Савезни дистрикт Бразила","Савезни дистрикт Бразила",BR-DF,http://www.df.gov.br/,,BR07,3463504,"Goiás","القطاع الفدرالي البرازيلي","Бразілія, федэральная акруга","Федерален окръг",,,"ناحیه فدرال (برزیل)","Distrito Federal Vrasil",,,"ფედერალური ოლქი","Ranndir an Kesunyans Brasilek","Pagus Foederalis","Федерален округ","शासकीय जिल्हा",,"وفاقی ضلع","Tantasqap suyun","Federalni distrikt Brazila",,,,"Федеральний округ у Бразилії","Distrito Federal han Brasil",,"Brazilian Federal District","Distrito Federal",,"Federal okrug",,"கூட்டரசு மாநிலம்","وفاقی ضلع",,"Federal District (estado sa Brasil)",,"Federal dairə",,,,,,"Distrikti Federal i Brazilit","联邦区",,,,,,,,,,,,,,,,,,,,,,,"聯邦區","联邦区","聯邦區"
Q15499,"state of Brazil","Paraná","Paraná","Paraná","巴拉那州",1889,Parana,"Paraná","パラナ州","Paraná",,,,"Парана",,,,"Paraná",,"Paraná",,,"Paraná","Estat de Paranà",,"Paraná","Paraná","Paraná",,,Paranao,"Paraná","Paraná osariik","Paraná","Paraná",,,,,"Estado do Paraná","Paraná","Paraná","Paraná","Paraná","Paraná",,"Paraná","Paraná",,,,"Paraná",,,Parana,Parana,"Paraná",,"Paraná",,"Paraná",,,"Delstaten Paraná",,"Estat del Paraná","Paraná",,"Paranà",,"Paraná","Paraná",,,"Paraná",,,"Paraná","Paraná",,"Paraná","Paraná","Paraná","Paraná","Paraná",,,"Paraná",,,,"https://upload.wikimedia.org/wikipedia/commons/9/93/Bandeira_do_Paraná.svg","https://upload.wikimedia.org/wikipedia/commons/4/49/Brasão_do_Paraná.svg",/m/01hd3f,,"파라나 주","פרנה",,"Парана",BR-PR,http://www.pr.gov.br,Regional/South_America/Brazil/States/Parana/,BR18,3455077,"Paraná Province","بارانا","Штат Парана","Парана","পারানা","Παρανά","پارانا، برزیل",Parana,"पाराना","Paraná","პარანა","Paraná",Parana,"Парана","पाराना","Парана","پارانا","Paraná suyu","Paraná","Paraná","Парана","รัฐปารานา","Парана","Paraná","פאראנא","Paraná","Paraná","Парана",Parana,"Paraná","பரானா","پارانا","Պարանա","Paraná (estado)","Paraná",Parana,"Parana Istadu‎;",,,,,,,,,,,,,,,,,,,,,,,,,,,,,,,
Q175,"state of Brazil","São Paulo","São Paulo","São Paulo","圣保罗州",1889,"São Paulo","État de São Paulo","サンパウロ州","São Paulo","São Paulo","São Paulo",,"Сан-Паулу","圣保罗州",,"圣保罗州","São Paulo",,"São Paulo",,,"São Paulo","Estat de São Paulo","São Paulo","São Paulo","São Paulo","São Paulo",,,"San-Paŭlo","São Paulo","São Paulo osariik","São Pauloko estatua","São Paulo",,,,,"Estado de San Paulo - São Paulo","São Paulo","São Paulo","São Paulo","São Paulo","São Paulo",,"Sao Paulo","San Paolo",,,,,,,"San Paulas",Sanpaulu,,,"São Paulo",,"São Paulo","São Paulo",,"Delstaten São Paulo",,"São Paulo (estat)",,,"São Paulo",,"São Paulo","São Paulo",,,"São Paulo",,,"São Paulo","São Paulo",,"São Paulo","São Paulo","São Paulo","San Poło","São Paulo",,,"São Paulo",,,,"https://upload.wikimedia.org/wikipedia/commons/2/2b/Bandeira_do_estado_de_São_Paulo.svg","https://upload.wikimedia.org/wikipedia/commons/1/1a/Brasão_do_estado_de_São_Paulo.svg",/m/01hd58,4051668-4,"상파울루 주","סאו פאולו",,"Сао Пауло",BR-SP,http://www.saopaulo.sp.gov.br,Regional/South_America/Brazil/States/Sao_Paulo/,BR27,3448433,"São Paulo Province","ساو باولو","штат Сан-Паўлу","Сао Пауло","সাও পাউলো","Σάο Πάολο","ایالت سائوپائولو","São Paulo",,"São Paulo","სან-პაულუ","São Paulo","Sanctus Paulus","Сао Паоло","साओ पाउलो","Сан-Паулу","ساؤ پاؤلو","São Paulo suyu","São Paulo",,"Сан Паулу","รัฐเซาเปาลู","Сан-Паулу","São Paulo",,"Sao Paulo","São Paulo",,"San Paulu","São Paulo","சாவோ பாலோ","ساؤ پاؤلو","Սան Պաուլու","São Paulo (estado)","Estado de São Paulo",San-Paulo,,11933588t,"São Paulo","San Poulo","São Paulo","Sao Paulo","圣保罗州","聖保羅州","Сан-Паулу муж","Sao Paolo","São Paulo","San Paulu","साँओ पाउलो",,,,,,,,,,,,,,,,,,,
Q38088,"state of Brazil","Paraíba","Paraíba","Paraíba","帕拉伊巴",1889,"Paraíba","Paraíba","パライバ州","Paraíba","Paraíba","Paraíba",,"Параиба",,,,"Paraíba","Paraíba","Paraíba",,,"Paraíba","Paraíba","Paraíba","Paraíba","Paraíba","Paraíba",,,Paraibo,"Paraíba","Paraíba osariik","Paraíba","Paraíba",,,,,"Paraíba",,"Paraíba","Paraíba","Paraíba","Paraíba",,"Paraíba","Paraíba",,,,,,,Paraiba,Paraiba,"Paraíba",,Paraiba,,"Paraíba","Paraíba",,"Paraíba",,"Paraíba",,,"Paraìba",,"Paraíba","Paraíba",,,"Paraíba",,"Paraíba","Paraíba","Paraíba",,"Paraíba","Paraíba","Paraíba",,"Paraíba",,,"Paraíba",,,,"https://upload.wikimedia.org/wikipedia/commons/b/bb/Bandeira_da_Paraíba.svg",https://upload.wikimedia.org/wikipedia/commons/5/50/Brasao_paraiba.PNG,/m/01hdp5,,"파라이바 주","פאראיבה",,"Параиба",BR-PB,http://www.paraiba.pb.gov.br/,"Regional/South_America/Brazil/States/Paraíba/",BR17,3393098,"Paraíba Province","بارايبا","Штат Параіба","Параиба","পারাইবা","Παραΐμπα","پارائیبا",Parayva,"परेबा","Paraíba","პარაიბა","Paraíba",Parahyba,"Параиба","परैबा","Параибæ","پارائیبا","Paraíba suyu","Paraíba","Paraíba","Параиба","รัฐปาราอีบา","Параїба","Paraíba",,"Paraíba","Paraíba","Параіба",Paraiba,"Paraíba",,"پارائیبا","Պարաիբա","Paraíba (estado sa Brasil)","Paraíba",Paraiba,"Paraiba Istadu",119456089,,,,,,,,,,,,"Параиба",,,,,,,,,,,,,,,,,,
Q39109,"state of Brazil","Minas Gerais","Minas Gerais","Minas Gerais","米纳斯吉拉斯",1889,"Minas Gerais","Minas Gerais","ミナスジェライス州","Minas Gerais",,,,"Минас-Жерайс","米納斯吉拉斯",,,"Minas Gerais","Minas Gerais","Minas Gerais",,,"Minas Gerais","Minas Gerais","Minas Gerais","Minas Gerais","Minas Gerais","Minas Gerais",,,"Minas-Ĝerajso","Estado de Minas Gerais","Minas Geraisi osariik","Minas Gerais","Minas Gerais",,,,,"Minas Xerais - Minas Gerais",,"Minas Gerais","Minas Gerais","Minas Gerais","Minas Gerais",,"Minas Gerais","Minas Gerais",,,,,,,"Minas Žeraisas","Minasžeraisa","Minas Gerais",,"Minas Gerais",,"Minas Gerais",,,"Minas Gerais",,"Minas Gerais","Minas Gerais",,"Minas Gerais",,"Minas Gerais","Minas Gerais",,,"Minas Gerais",,,"Minas Gerais","Minas Gerais",,"Minas Gerais","Minas Gerais","Minas Gerais","Minas Gerais","Minas Gerais",,,"Minas Gerais",,,,https://upload.wikimedia.org/wikipedia/commons/f/f4/Bandeira_de_Minas_Gerais.svg,"https://upload.wikimedia.org/wikipedia/commons/d/d2/Brasão_de_Minas_Gerais.svg",/m/01gh6z,4039398-7,"미나스제라이스 주","מינאס ז'ראיס",,"Минас Жераис",BR-MG,http://www.mg.gov.br/,Regional/South_America/Brazil/States/Minas_Gerais/,BR15,3457153,"Minas Gerais Province","ميناس جيرايس","Штат Мінас-Жэрайс","Минас Жерайс","মিনাস জেরায়িস","Μίνας Ζεράις","میناس گرایس","Minas Gerais","मिनास जेरायज़","Minas Gerais","მინას-ჟერაისი","Minas Gerais","Fodinae Generales","Минаш Жераис","मिनास जेराईस","Минас-Жерайс","مناس گیرائس","Minas Gerais suyu","Minas Gerais","Minas Gerais","Минас Жерайс","รัฐมีนัสเชไรส์","Мінас-Жерайс","Minas Gerais",,"Minas Gerais","Minas Gerais","Мінас-Жэрайс",Minas-jerais,"Minas Gerais","மினாஸ் ஜெரைசு","میناس گیرائس","Մինաս Ժերաիս","Minas Gerais",,Minas-Jerays,"Minas Gerais Istadu",11945096r,,,,"Minas Gerais",,,,,,,,"Минас-Жерайс",7006237,"མི་ནས་ཞེ་རའིས་","Minas Gerais","Minas Gerais",,,,,,,,,,,,,,
Q39517,"state of Brazil","Pará","Pará","Pará","帕拉",1889,"Pará","Pará","パラー州","Pará","Pará","Pará",,"Пара",,,,"Pará",,"Pará",,,"Pará","Pará",,"Pará","Pará","Pará",,"Pará",Parao,"Pará","Pará osariik","Pará","Pará",,,,,"Pará",,"Pará","Pará","Pará","Pará",,"Pará","Pará",,,,,"Pará",,Para,Para,"Pará",,"Pará",,"Pará",,,"Pará",,"Pará",,,"Parà",,"Pará","Pará",,,"Pará",,,"Pará","Pará",,"Pará","Pará","Pará","Pará","Pará",,,"Pará",,,,"https://upload.wikimedia.org/wikipedia/commons/0/02/Bandeira_do_Pará.svg","https://upload.wikimedia.org/wikipedia/commons/b/bc/Brasão_do_Pará.svg",/m/01hdnp,,"파라 주","פארה",,"Пара",BR-PA,http://www.pa.gov.br/,"Regional/South_America/Brazil/States/Pará/",BR16,3393129,"Grão-Pará Province","بارا","Пара","Пара","পারা","Παρά","پارا",Para,,,"პარა","Pará",Para,,"पारा","Пара","پارا","Pará suyu","Pará","Pará","Пара","รัฐปารา","Пара","Pará",,"Pará","Pará","Пара",Para,"Pará",,"پارا","Պարա","Pará (estado)",,Para,"Pará Istadu",119785598,,"Pará",,"Pará",,,,,,,,,,,,,"بارا","ਪਾਰਾ",,,,,,,,,,,,
Q40030,"state of Brazil","Rio Grande do Sul","Rio Grande do Sul","Rio Grande do Sul","南里奥格兰德州",1889,"Rio Grande do Sul","Rio Grande do Sul","リオグランデ・ド・スル州","Rio Grande do Sul","Rio Grande do Sul","Rio Grande do Sul",,"Риу-Гранди-ду-Сул",,,,"Rio Grande do Sul",,"Río Grande do Sul",,,"Rio Grande do Sul","Rio Grande do Sul",,"Rio Grande do Sul","Rio Grande do Sul","Rio Grande do Sul",,"Rio Grande do Sul","Suda Rio-Grando","Río Grande del Sur","Rio Grande do Suli osariik","Rio Grande do Sul","Rio Grande do Sul",,,,,"Río Grande do Sur - Rio Grande do Sul",,"Rio Grande do Sul","Río Grande del Sur","Rio Grande do Sul","Rio Grande do Sul",,"Rio Grande do Sul","Rio Grande do Sul",,,,,,,"Pietų Rio Grandė","Riugrandi du Sula","Rio Grande do Sul",,"Rio Grande do Sul",,"Rio Grande do Sul","Rio Grande do Sul",,"Rio Grande do Sul",,"Rio Grande do Sul",,,"Rio Grande dël Sud",,"Rio Grande do Sul","Rio Grande do Sul",,,"Rio Grande do Sul",,,"Rio Grande do Sul","Rio Grande do Sul",,"Rio Grande do Sul","Rio Grande do Sul","Rio Grande do Sul","Rio Grande do Sul","Rio Grande do Sul",,,"Rio Grande do Sul",,,,https://upload.wikimedia.org/wikipedia/commons/6/63/Bandeira_do_Rio_Grande_do_Sul.svg,"https://upload.wikimedia.org/wikipedia/commons/3/38/Brasão_do_Rio_Grande_do_Sul.svg",/m/01l_9d,,"히우그란지두술 주","ריו גראנדה דו סול",,"Рио Гранде до Сул",BR-RS,http://www.rs.gov.br,,BR23,3451133,"São Pedro do Rio Grande do Sul Province","ريو غراندي دو سول","Штат Рыу-Гранды-ду-Сул","Рио Гранди до Сул","রিও গ্রান্ডে ডো সুল","Ρίο Γκράντε ντο Σουρ","ریو گرانده دو سول","Rio Grande do Sul","रियो ग्रांडे दो सुल","Rio Grande do Sul","რიუ-გრანდი-დუ-სული","Rio Grande do Sul","Rivus Magnus Australis","Јужна Рио Гранде","रियो ग्रांदे दो सुल","Риу-Гранди-ду-Сул","ریو گراند دو سول","Urin Hatunmayu suyu","Rio Grande do Sul","Riu Grande do Sul","Риу Гранди ду Сул","รัฐรีอูกรันดีดูซูล","Ріу-Гранді-ду-Сул","Rio Grande do Sul",,"Rio Grande do Sul","Rio Grande do Sul",,"Riu Grandi du Sul","Rio Grande do Sul","இரியோ கிராண்டு டொ சுல்","جنوبی ریو گرانڈی","Ռիու Գրանդի դու Սուլ","Rio Grande do Sul (estado sa Brasil)","Rio Grande do Sul",Riu-Qrandi-du-Sul,"Rio Grande do Sul Istadu",11951602g,,,,,,,,,"Rio Grande do Sul",,,"Риу-Гранди-ду-Сул",,,,,,,"Rio Grande do Sul",,,,,,,,,,,
Q40040,"state of Brazil",Amazonas,Amazonas,Amazonas,"亚马孙州",1889,Amazonas,Amazonas,"アマゾナス州",Amazonas,,,,"Амазонас",,,,Amazonas,,Amazonas,,,Amazonas,"Estat de l'Amazones",,Amazonas,Amazonas,Amazonas,,,Amazonio,"Estado de Amazonas","Amazonase osariik","Amazonaseko estatua",Amazonas,,,,,"Estado do Amazonas",,Amazonas,Amazonas,Amazonas,Amazonas,,Amazonas,Amazonas,,,,,Amazonas,,"Amazonė",Amazonasa,Amazonas,,Amazonas,,Amazonas,,,"Amazonas i Brasil",,Amazonas,,,Amazonas,,Amazonas,Amazonas,,,Amazonas,,,Amazonas,Amazonas,,Amazonas,Amazonas,Amazonas,Amazonas,Amazonas,,,Amazonas,,,,https://upload.wikimedia.org/wikipedia/commons/6/6b/Bandeira_do_Amazonas.svg,"https://upload.wikimedia.org/wikipedia/commons/2/2c/Brasão_do_Amazonas.svg",/m/01hdky,,"아마조나스 주","אמזונאס",,"Амазонас",BR-AM,http://www.amazonas.am.gov.br/,Regional/South_America/Brazil/States/Amazonas/,BR04,3665361,"Amazonas Province","الأمازون","Штат Амазонас","Амазонас","আমাজোনাস","Αμαζόνας","آمازوناس",Amazonas,"आमेज़ोनास",Amazonas,"ამაზონასი",Amazonas,Amazones,"Амазон","अमेझोनास","Амазонас","ایمازوناس","Amarumayu suyu",Amazonas,Amazonas,,"รัฐอามาโซนัส","Амазонас",Amazonas,,Amazonas,Amazonas,"Амазонас",Amazonas,Amazonas,"அமேசோனாசு","ایمازوناس","Ամազոնաս",Amazonas,,Amazonas,"Amazonas Istado",11978558x,Amazonas,,,Amazonas,,"亞馬遜州",,,Amazonas,,,,,,Amazonas,,,,,,,,,,,,,,,
Q40123,"state of Brazil","Ceará","Ceará","Ceará","塞阿腊",1891,"Ceará","Ceará","セアラー州","Ceará",,,,"Сеара",,,,"Ceará",,"Ceará",,,"Ceará","Ceará","Ceará","Ceará","Ceará","Ceará",,,Cearao,"Ceará","Ceará osariik","Ceará","Ceará",,,,,"Ceará",,"Ceará","Ceará","Ceará","Ceará",,"Ceará","Ceará",,,,,,,Seara,Seara,"Ceará",,"Ceará",,"Ceará",,,"Ceará",,"Ceará",,,"Cearà",,"Ceará","Ceará",,,"Ceará",,,"Ceará","Ceará",,"Ceará","Ceará","Ceará","Ceará","Ceará",,,"Ceará",,,,"https://upload.wikimedia.org/wikipedia/commons/2/2e/Bandeira_do_Ceará.svg","https://upload.wikimedia.org/wikipedia/commons/f/fe/Brasão_do_Ceará.svg",/m/01hdlf,4009641-5,"세아라 주","סיארה",,"Сеара",BR-CE,http://www.ceara.gov.br/,"Regional/South_America/Brazil/States/Ceará/",BR06,3402362,"Ceará Province","سيارا","Штат Сеара","Сеара","কিয়েরা","Σεαρά","سئارا",Ceara,"सियारा","Ceará","სეარა","Ceará",Ceara,"Сеара","सियारा","Сеара","کیارا","Ceará suyu","Ceará","Ceará","Сеара","รัฐเซอารา","Сеара","Ceará",,"Ceará","Ceará",,Seara,"Ceará","சியாரா","سئیرا",,"Ceará (estado sa Brasil)",,Seara,"Ceara Istadu",,,,,,,"塞阿拉州",,,,,,"Сеара",,,,,,,,,,,,,,,,,,
Q40130,"state of Brazil","Amapá","Amapá","Amapá","阿马帕",1988-10-05,"Amapá","Amapá","アマパー州","Amapá","Amapá","Amapá",,"Амапа",,,,"Amapá",,"Amapá",,,"Amapá","Estat d'Amapá",,"Amapá","Amapá","Amapá",,,Amapao,"Amapá","Amapá osariik","Amapá","Amapá",,,,,"Amapá",,"Amapá","Amapá","Amapá","Amapá",,"Amapá","Amapá",,,,,"Amapá",,Amapa,Amapa,"Amapá",,"Amapá",,"Amapá",,,"Amapá",,"Amapá",,,"Amapá",,"Amapá","Amapá",,,"Amapá",,,"Amapá","Amapá",,"Amapá","Amapá","Amapá",,"Amapá",,,"Amapá",,,,"https://upload.wikimedia.org/wikipedia/commons/0/0c/Bandeira_do_Amapá.svg",https://upload.wikimedia.org/wikipedia/commons/3/39/Brasao_amapa.jpg,/m/01hdj9,,"아마파 주","אמאפה",,"Амапа",BR-AP,http://www.amapa.gov.br/,"Regional/South_America/Brazil/States/Amapá/",BR03,3407762,"Amapá Territory","أمابا","Штат Амапа","Амапа","আমাপা","Αμαπά","آماپا",Amapa,"अमापा",,"ამაპა","Amapá",Amapa,"Амапа","अमापा",,"اماپا","Amapá suyu","Amapá","Amapá","Амапа","รัฐอามาปา","Амапа","Amapá",,"Amapá","Amapá","Амапа",,"Amapá",,"اماپا","Ամապա","Amapá (estado)",,Amapa,"Amapa Istadu",11978557k,,,,"Amapá",,"阿馬帕州",,,"Amapá",,,"Амапа",,,,,,,,,,,,,,,,,,
Q40430,"state of Brazil",Bahia,Bahia,Bahia,"巴伊亚",1889,Bahia,Bahia,"バイーア州",Bahia,Bahia,Bahia,,"Баия",,,,Bahia,,"Bahía",,,Bahia,"Estat de Bahia",,Bahia,Bahia,Bahia,,,Bahio,"Estado de Bahía","Bahia osariik","Bahiako estatua",Bahia,,,,,Bahia,,Bahia,Bahia,Bahia,Bahia,,Bahia,Bahia,,,,,,,Bahija,Baija,Bahia,,Bahia,,Bahia,,,Bahia,,Bahia,,,Bahia,,Bahia,Bahia,,,Bahia,,,Bahia,Bahia,,Bahia,Bahia,Bahia,Bahia,Bahia,,,Bahia,,,,https://upload.wikimedia.org/wikipedia/commons/2/28/Bandeira_da_Bahia.svg,"https://upload.wikimedia.org/wikipedia/commons/1/12/Brasão_do_estado_da_Bahia.svg",/m/01c8c6,4004254-6,"바이아 주","באהיה",,"Баија",BR-BA,http://www.ba.gov.br/,Regional/South_America/Brazil/States/Bahia/,BR05,3471168,"Bahia Province","باهيا","Штат Баія","Баия","বাহিয়া","Μπαΐα","باهیا",Bahia,"बाहिया",Bahia,"ბაია",Bahia,Bahia,"Баја","बाईया","Баия","باہیا","Bahia suyu",Bahia,Bahia,"Баия","รัฐบาเอีย","Баїя",Bahia,,Bahia,Bahia,"Баія",Baiya,Bahia,"பாகையா","باہیا","Իտամարաժու","Bahia (estado)","Bahía",Baiya,"Bahia Istadu",,,"Baía",,,,,,,Bahia,,,"Баия",,,,,,"ਬਾਹੀਆ",,Bahia,,,,,,,,,,
Q40780,"state of Brazil",Acre,Acre,Acre,"阿克里州",1962-06-15,Acre,Acre,"アクレ州",Acre,Acre,Acre,,"Акри",,,,Acre,,Acre,,,Acre,"Estat d'Acre",,Acre,Acre,Acre,,,Akro,"Estado de Acre","Acre osariik",Acre,Acre,,,,,Acre,,Acre,Acre,Acre,Acre,,Acre,Acre,,,,,Acre,,"Akrė",Akri,Acre,,Acre,,Acre,,,"Acre i Brasil",,Acre,,,Acre,,Acre,Acre,,,Acre,,,Acre,Acre,,Acre,Acre,Acre,,Acre,,,Acre,,,,https://upload.wikimedia.org/wikipedia/commons/4/4c/Bandeira_do_Acre.svg,"https://upload.wikimedia.org/wikipedia/commons/5/52/Brasão_do_Acre.svg",/m/01hdgz,,"아크리 주","אקרי",,"Акре",BR-AC,http://www.ac.gov.br,Regional/South_America/Brazil/States/Acre/,BR01,3665474,"Acre Territory","أكري","Штат Акры","Акри","আক্রে","Άκρε","اکری",Akre,"आक्री",Acre,"აკრი",Acre,Acre,"Акре","आक्रे",,"اکیر","Aqri suyu",Acre,Acre,"Акри","รัฐอากรี","Акрі",Acre,,Acre,Acre,"Акры",Akri,Acre,"ஆக்ரி","اکری",,,,Akri,"Acre Istadu",,,,,Acre,,,,,Acre,,,,,,Acre,,,,,,"അക്രേ",,,,,,,,,
Q40885,"state of Brazil",Alagoas,Alagoas,Alagoas,"阿拉戈斯州",1889,Alagoas,Alagoas,"アラゴアス州",Alagoas,Alagoas,Alagoas,,"Алагоас",,,,Alagoas,,Alagoas,,,Alagoas,Alagoas,,Alagoas,Alagoas,Alagoas,,,Alagoaso,Alagoas,"Alagoase osariik",Alagoas,Alagoas,,,,,Alagoas,,Alagoas,Alagoas,Alagoas,Alagoas,,Alagoas,Alagoas,,,,,,,Alagoasas,Alagoasa,Alagoas,,Alagoas,,Alagoas,,,Alagoas,,Alagoas,,,Alagoas,,Alagoas,Alagoas,,,Alagoas,,,Alagoas,Alagoas,,Alagoas,Alagoas,Alagoas,,Alagoas,,,Alagoas,,,,https://upload.wikimedia.org/wikipedia/commons/8/88/Bandeira_de_Alagoas.svg,"https://upload.wikimedia.org/wikipedia/commons/5/5c/Brasão_do_Estado_de_Alagoas.svg",/m/015zxx,,"알라고아스 주","אלגואס",,"Алагоас",BR-AL,http://www.governo.al.gov.br/,,BR02,3408096,"Alagoas Province","ألاغواس","Штат Алагоас","Алагоас","আলাগৱাস","Αλαγκόας","آلاگواس",Alagoas,"अलागोआस",Alagoas,"ალაგოასი",Alagoas,Alacunae,"Алагоас","आलागोआस",,"الاگواس","Alagoas suyu",Alagoas,Alagoas,"Алагоас","รัฐอาลาโกอัส","Алагоас",Alagoas,,Alagoas,Alagoas,"Алагоас",Alagoas,Alagoas,,"الاگواس","Ալագոաս",Alagoas,,Alaqoas,"Alagoas Istadu",11969954p,,,,Alagoas,,,,,Alagoas,,"अलागोआस","Алагоас",,,Alagoas,,,,,,,,,,,,,,,
Q40942,"state of Brazil",Pernambuco,Pernambuco,Pernambuco,"伯南布哥",1889,Pernambuco,Pernambouc,"ペルナンブーコ州",Pernambuco,,,,"Пернамбуку",,,,Pernambuco,Pernambuco,Pernambuco,,,Pernambuco,Pernambuco,,Pernambuco,Pernambuco,Pernambuco,,,Pernambuko,Pernambuco,"Pernambuco osariik",Pernambuco,Pernambuco,,,,,Pernambuco,,Pernambuco,Pernambuco,Pernambuco,Pernambuco,,Pernambuco,Pernambuco,,,,Pernambuco,,,Pernambukas,Pernambuku,Pernambuco,,Pernambuco,,Pernambuco,,,Pernambuco,,Pernambuco,,,Pernamboch,,Pernambuco,Pernambuco,,,Pernambuco,,,Pernambuco,Pernambuco,,Pernambuco,Pernambuco,Pernambuco,Pernambuco,Pernambuco,,,Pernambuco,,,,https://upload.wikimedia.org/wikipedia/commons/5/59/Bandeira_de_Pernambuco.svg,"https://upload.wikimedia.org/wikipedia/commons/0/04/Brasão_do_estado_de_Pernambuco.svg",/m/01hdpp,4045212-8,"페르남부쿠 주","פרנמבוקו",,"Пернамбуко",BR-PE,http://www.pe.gov.br/,Regional/South_America/Brazil/States/Pernambuco/,BR30,3392268,"Pernambuco Province","بيرنامبوكو","Штат Пернамбуку","Пернамбуко","পেরনামবুকো","Περναμπούκο","پرنامبوکو",Pernambuco,"पेरनाम्बुको",Pernambuco,"პერნამბუკუ",Pernambuco,"Pernambuci praefectura","Пернамбуко","पर्नांबुको",,"پرنامبوکو","Pernambuco suyu",Pernambuco,Pernambuco,"Пернамбуку","รัฐเปร์นัมบูกู","Пернамбуку",Pernambuco,,Pernambuco,Pernambuco,"Пэрнамбуку",Pernambuku,Pernambuco,"பெர்னம்புகோ","پرنامبوکو",,"Pernambuco (estado sa Brasil)",,Pernambuku,"Pernambuco Istadu‎",119981060,,,,Pernambuco,,,,,,,,"Пернамбуку",,,Pernambuco,,,,,,,"পেরনাবুকু",Pernambuco,"Pernambuco, Brazilija",,,,,,
Q41115,"state of Brazil","Santa Catarina","Santa Catarina","Santa Catarina","圣卡塔琳娜州",1889,"Santa Catarina","Santa Catarina","サンタカタリーナ州","Santa Catarina","Santa Catarina","Santa Catarina",,"Санта-Катарина",,,,"Santa Catarina",,"Santa Catarina",,,"Santa Catarina","Estat de Santa Catarina",,"Santa Catarina","Santa Catarina","Santa Catarina",,,"Sankta Katarino","Santa Catarina","Santa Catarina osariik","Santa Catarina","Santa Catarina",,,,,"Santa Catarina",,"Santa Catarina","Santa Catarina","Santa Catarina","Santa Catarina",,"Santa Catarina","Santa Catarina",,,,,,,"Santa Katarina",Santakatarina,"Santa Catarina",,"Santa Catarina",,"Santa Catarina",,,"Santa Catarina",,"Santa Catarina",,,"Santa Catarina",,"Santa Catarina","Santa Catarina",,,"Santa Catarina",,,"Santa Catarina","Santa Catarina",,"Santa Catarina","Santa Catarina","Santa Catarina","Santa Catarina","Santa Catarina",,,"Santa Catarina",,,,https://upload.wikimedia.org/wikipedia/commons/1/1a/Bandeira_de_Santa_Catarina.svg,"https://upload.wikimedia.org/wikipedia/commons/6/65/Brasão_de_Santa_Catarina.svg",/m/01l_jz,,"산타카타리나 주","סנטה קטרינה",,"Санта Катарина",BR-SC,http://www.sc.gov.br/,Regional/South_America/Brazil/States/Santa_Catarina/,BR26,3450387,"Santa Catarina Province","سانتا كاتارينا","Штат Санта-Катарына","Санта Катарина","সান্টা কাটারিনা","Σάντα Καταρίνα","سانتا کاتارینا","Santa Catarina","सांता कातारीना","Santa Catarina","სანტა-კატარინა","Santa Catarina","Sancta Catharina","Санта Катарина","सांता कातारिना","Сантæ-Катаринæ","سانتا کتارینا","Santa Catarina suyu","Santa Catarina","Santa Catarina","Санта Катарина","รัฐซานตากาตารีนา","Санта-Катаріна","Santa Catarina",,"Santa Catarina","Santa Catarina","Санта-Катарына",Santa-Katarina,"Santa Catarina",,"سانتا کاتارینا","Սանտա Կատարինա","Santa Catarina (estado)","Santa Catarina",Santa-Katarina,"Santa Catarina Istadu",,,,,,,,,,,,,"Санта Катарина",,,"Santa Catarina",,,,,,,,,,,,,,,
Q41428,"state of Brazil","Rio de Janeiro","Rio de Janeiro","Rio de Janeiro","里約熱內盧州",1889,"Rio de Janeiro","État de Rio de Janeiro","リオデジャネイロ州","Rio de Janeiro",,,,"Рио-де-Жанейро","里約熱內盧州",,,"Rio de Janeiro","Estato de Rio de Janeiro","Río de Janeiro","Rio de Janeiro",,"Rio de Janeiro","Estat de Rio de Janeiro",,"Rio de Janeiro","Rio de Janeiro","Rio de Janeiro",,,"Rio-de-Ĵanejrio","Estado de Río de Janeiro","Rio de Janeiro osariik","Rio de Janeiroko estatua","Rio de Janeiro",,,,,"Estado de Río de Xaneiro",,"Rio de Janeiro","Rio de Janeiro","Rio de Janeiro","Rio de Janeiro",,"Rio de Janeiro","Rio de Janeiro",,,,,,,"Rio de Žaneiras","Riodežaneiro","Rio de Janeiro",,"Rio de Janeiro",,"Rio de Janeiro",,,"Delstaten Rio de Janeiro",,"Rio de Janeiro",,,"Rio de Janeiro",,"Rio de Janeiro","Rio de Janeiro",,,"Rio de Janeiro",,,"Rio de Janeiro","Rio de Janeiro",,"Rio de Janeiro","Rio de Janeiro","Rio de Janeiro","Rio de Janeiro","Rio de Janeiro",,,"Rio de Janeiro",,,,https://upload.wikimedia.org/wikipedia/commons/7/73/Bandeira_do_estado_do_Rio_de_Janeiro.svg,"https://upload.wikimedia.org/wikipedia/commons/5/5b/Brasão_do_estado_do_Rio_de_Janeiro.svg",/m/01hd4s,4117025-8,"리우데자네이루 주","ריו דה ז'ניירו",,"Рио де Жанеиро",BR-RJ,http://www.rj.gov.br/,Regional/South_America/Brazil/States/Rio_de_Janeiro/,BR21,3451189,"Rio de Janeiro Province","ريو دي جانيرو","Штат Рыа-дэ-Жанэйра","Рио де Жанейро",,"Ρίο ντε Τζανέιρο","ایالت ریو د ژانیرو","Rio de Janeiro",,,"რიო-დე-ჟანეიროს შტატი","Rio de Janeiro","Flumen Ianuarii","Рио де Жанеиро","रियो दि जानेरो","Рио-де-Жанейро","ریو دی جنیرو","Rio de Janeiro suyu","Rio de Janeiro","Riu de Janeiru","Рио де Жанейро","รัฐรีโอเดจาเนโร","Ріо-де-Жанейро","Rio de Janeiro",,"Ìpínlẹ̀ Rio de Janeiro","Rio de Janeiro",,Rio-de-Janeyro,"Rio de Janeiro","இரியோ டி செனீரோ","ریو دے جینیرو","Ռիո դե Ժանեյրո","Rio de Janeiro (estado)","Río de Janeiro",Rio-de-Janeyro,"Rio de Janeiro Istadu",11941123v,,,,,"里约热内卢州","里約熱內盧州",,"Rio de Janeiro",,,,,,,,,,,,,,,,,"Rio de Janeiro",,,,,
Q41587,"state of Brazil","Goiás","Goiás","Goiás","戈亚斯",1889,"Goiás","Goiás","ゴイアス州","Goiás","Goiás","Goiás",,"Гояс",,,,"Goiás","Goiás","Goiás",,,"Goiás","Estat de Goiás","Goiás","Goiás","Goiás","Goiás",,"Goiás",Gojaso,"Estado de Goiás","Goiási osariik","Goiás","Goiás",,,,,"Goiás",,"Goiás","Goiás","Goiás","Goiás",,"Goiás","Goiás",,,,,,,Gojasas,Gojasa,"Goiás",,"Goiás",,"Goiás",,,,,"Goiás",,,"Goiàs",,"Goiás","Goiás",,,"Goiás",,,"Goiás","Goiás",,"Goiás","Goiás","Goiás",,"Goiás",,,"Goiás",,,,"https://upload.wikimedia.org/wikipedia/commons/0/0e/Bandeira_de_Goiás.svg","https://upload.wikimedia.org/wikipedia/commons/b/bf/Brasão_de_Goiás.svg",/m/012yz_,,"고이아스 주","גויאס",,"Гојас",BR-GO,http://www.goias.gov.br/,Regional/South_America/Brazil/States/Goias/,BR29,3462372,"Goiás Province","غوياس","Штат Гаяс","Гояс","গোয়াস","Γκοϊάς","گوییاس","Goiás","गोइयास",,"გოიასი","Goiás",Goyas,"Гојаш","गोयाएस",,"گویاس","Goiás suyu","Goiás","Goiás","Гояс","รัฐโกยาส","Гояс","Goiás",,"Goiás","Goiás","Гаяс",Goyas,"Goiás",,"گوئیاس","Գոյաս","Goiás (estado)",,Qoyas,"Goias Istadu",11960194j,,,,,,,,,,,,,,"གོ་ཡཟི་",,,,,,,,,,,,,,,,
Q42362,"state of Brazil","Maranhão","Maranhão","Maranhão","马拉尼昂州",1889,"Maranhão","Maranhão","マラニョン州","Maranhão","Maranhão","Maranhão",,"Мараньян",,,,"Maranhão",,"Maranhão",,,"Maranhão","Estat de Maranhão",,"Maranhão","Maranhão","Maranhão",,,Maranjo,"Maranhão","Maranhão osariik","Maranhão","Maranhão",,,,,"Marañón - Maranhão",,"Maranhão","Maranhão","Maranhão","Maranhão",,"Maranhão","Maranhão",,,,,,,Maranjanas,"Maraņauna","Maranhão",,"Maranhão",,"Maranhão",,,"Maranhão",,"Maranhão",,,"Maranhão",,"Maranhão","Maranhão",,,"Maranhão",,,"Maranhão","Maranhão",,"Maranhão","Maranhão","Maranhão",Maranhao,"Maranhão",,,"Maranhão",,,,"https://upload.wikimedia.org/wikipedia/commons/4/45/Bandeira_do_Maranhão.svg","https://upload.wikimedia.org/wikipedia/commons/a/ab/Brasão_do_Maranhão.svg",/m/01hd3y,,"마라냥 주","מרניאו",,"Марањао",BR-MA,http://www.ma.gov.br/,"Regional/South_America/Brazil/States/Maranhão/",BR13,3395443,"Maranhão Province","مارانهاو","Штат Мараньян","Мараняо","মারানহো","Μαρανιάο","مارانیائو","Maranhão","मरान्हाओ",,"მარანიანი","Maranhão",Maragnanum,"Марањао","मरान्याव",,"مارانہاؤ","Maranhão suyu","Maranhão","Maranhão","Маранян","รัฐมารันเยา","Мараньян","Maranhão",,"Maranhão","Maranhão","Мараньнян",Maranyan,"Maranhão","மாரஞ்ஞோ","مارانہاؤ","Մարանհան","Maranhão (estado)",,Maranyan,"Maranhão Istadu",,,,,,,,,,,,,"Мараньян",,,"Maranhão",,,,,,,,,,,,,,,
Q42508,"state of Brazil",Roraima,Roraima,Roraima,"羅賴馬州",1988-10-05,Roraima,Roraima,"ロライマ州",Roraima,Roraima,Roraima,,"Рорайма",,,,Roraima,,Roraima,,,Roraima,Roraima,,Roraima,Roraima,Roraima,,,Rorajmo,Roraima,"Roraima osariik",Roraima,Roraima,,,,,Roraima,,Roraima,Roraima,Roraima,Roraima,,Roraima,Roraima,,,,,,,Roraima,Roraima,Roraima,,Roraima,,Roraima,,,Roraima,,Roraima,,,Roraima,,Roraima,Roraima,,,Roraima,,,Roraima,Roraima,,Roraima,Roraima,Roraima,,Roraima,,,Roraima,,,,https://upload.wikimedia.org/wikipedia/commons/9/98/Bandeira_de_Roraima.svg,"https://upload.wikimedia.org/wikipedia/commons/e/ed/Brasão_de_Roraima.svg",/m/01tq_j,,"호라이마 주","רוריימה",,"Рораима",BR-RR,http://www.portal.rr.gov.br/,Regional/South_America/Brazil/States/Roraima/,BR25,3662560,"Roraima Territory","رورايما","Штат Рарайма","Рорайма","রোরাইমা","Ροράιμα","رورایما",Roraima,"रोरैमा",Roraima,"რორაიმა",Roraima,Roraima,"Рораима","रोराईमा",,"رورائیما","Roraima suyu",Roraima,Roraima,"Рорайма","รัฐโรไรมา","Рорайма",Roraima,,Roraima,Roraima,,Rorayma,Roraima,,"رورائیما",,"Roraima (estado sa Brasil)",,Rorayma,"Roraima Istadu",11942530g,,,,,,,,,,,,,,,Roraima,,,,,,,,,,,,,,,
Q42722,"state of Brazil","Piauí","Piauí","Piauí","皮奧伊州",1889,"Piauí","Piauí","ピアウイ州","Piauí",,,,"Пиауи",,,,"Piauí",,"Piauí",,,"Piauí","Piauí",,"Piauí","Piauí","Piauí",,,"Piaŭio","Piauí","Piauí osariik","Piauí","Piauí",,,,,"Piauí",,"Piauí","Piauí","Piauí","Piauí",,"Piauí","Piauí",,,,,,,Piaujis,Pjaui,"Piauí",,"Piauí",,"Piauí",,,"Piauí",,"Piauí",,,"Piauì",,"Piauí","Piauí",,,"Piauí",,,"Piauí","Piauí",,"Piauí","Piauí","Piauí",,"Piauí",,,"Piauí",,,,"https://upload.wikimedia.org/wikipedia/commons/3/33/Bandeira_do_Piauí.svg",https://upload.wikimedia.org/wikipedia/commons/d/d6/Brasaopi.gif,/m/01hdqj,,"피아우이 주","פיאאוי",,"Пјауи",BR-PI,http://www.piaui.pi.gov.br/,Regional/South_America/Brazil/States/Piaui/,BR20,3392213,"Piauí Province","بياوي","Штат Піауі","Пиауи","পিয়াউই",,"پیاوی",Piaui,"पियाउई","Piauí","პიაუი","Piauí",Piauhy,"Пјауи","पिआवी",,"پیاوئی","Piauí suyu","Piauí","Piauí","Пиауи","รัฐปีเอาอี","Піауї","Piauí",,"Piauí","Piauí","Піяўі",Piaui,"Piauí",,"پیاوی","Պիաուի","Piauí",,Piaui,"Piauí Istadu",11951530f,,,,,,,,,"Piauí",,,"Пиауи",,,,,,,,,,,,,,,,,,
Q42824,"state of Brazil","Mato Grosso","Mato Grosso","Mato Grosso","马托格罗索州",1889,"Mato Grosso","Mato Grosso","マットグロッソ州","Mato Grosso",,,,"Мату-Гросу",,,,"Mato Grosso",,"Mato Grosso",,,"Mato Grosso","Mato Grosso",,"Mato Grosso","Mato Grosso","Mato Grosso",,,Mato-Groso,"Mato Grosso","Mato Grosso osariik","Mato Grosso","Mato Grosso",,,,,"Mato Groso - Mato Grosso",,"Mato Grosso","Mato Grosso","Mato Grosso","Mato Grosso",,"Mato Grosso","Mato Grosso",,,,,,,"Mato Grosas",Matugrosu,"Mato Grosso",,"Mato Grosso",,"Mato Grosso",,,"Mato Grosso",,"Mato Grosso",,,"Mato Gròss",,"Mato Grosso","Mato Grosso",,,"Mato Grosso",,,"Mato Grosso","Mato Grosso",,"Mato Grosso","Mato Grosso","Mato Grosso","Mato Grosso","Mato Grosso",,,"Mato Grosso",,,,https://upload.wikimedia.org/wikipedia/commons/0/0b/Bandeira_de_Mato_Grosso.svg,"https://upload.wikimedia.org/wikipedia/commons/0/04/Brasão_de_Mato_Grosso.png",/m/01hdly,,"마투그로수 주","מאטו גרוסו",,"Мато Гросо",BR-MT,http://www.mt.gov.br/,Regional/South_America/Brazil/States/Mato_Grosso/,BR14,3457419,"Mato Grosso Province","ماتو غروسو","Штат Мату-Гросу","Мато Гросо","মাটো গ্রসো","Μάτου Γκρόσου","ماتو گروسو","Mato Grosso","मातो ग्रोसो",,"მატუ-გროსუ","Mato Grosso","Silva Crassa","Мато Грошо","मातो ग्रोसो",,"ماتو گروسو","Mato Grosso suyu","Mato Grosso","Mato Grosso","Мату Гросу","รัฐมาตูโกรสซู","Мату-Гросу","Mato Grosso",,"Mato Grosso","Mato Grosso","Мату-Гросу",Matu-Grosu,"Mato Grosso","மடோ குரோசோ","ماتو گروسو","Մատու Գրոսու","Mato Grosso (estado)",,Matu-Qrosu,"Mato Grosso Istadu",,,,,,,,,,,,,"Мату-Гроссу",,,"Mato Grosso",,,,,,,,,,,,,,,
Q43233,"state of Brazil","Espírito Santo","Espírito Santo","Espírito Santo","圣埃斯皮里图州",1889,"Espírito Santo","Espírito Santo","エスピリトサント州","Espírito Santo",,,,"Эспириту-Санту","聖埃斯皮里圖州",,,"Espírito Santo",,"Espírito Santo",,,"Espírito Santo","Estat d'Espírito Santo",,"Espírito Santo","Espírito Santo","Espírito Santo",,,Espirito-Santo,"Estado de Espírito Santo","Espírito Santo osariik","Espírito Santo","Espírito Santo",,,,,"Espírito Santo",,"Espírito Santo","Espírito Santo","Espírito Santo","Espírito Santo",,"Espírito Santo","Espírito Santo",,,,,,,"Espirito Santas","Espiritu Santu",,,"Espírito Santo",,"Espírito Santo",,,"Espírito Santo",,"Espírito Santo",,,"Espìrito Santo",,"Espírito Santo","Espírito Santo",,,"Espírito Santo",,,"Espírito Santo","Espírito Santo",,"Espírito Santo","Espírito Santo","Espírito Santo",,"Espírito Santo",,,"Espírito Santo",,,,"https://upload.wikimedia.org/wikipedia/commons/4/43/Bandeira_do_Espírito_Santo.svg","https://upload.wikimedia.org/wikipedia/commons/a/a0/Brasão_do_Espírito_Santo.svg",/m/021tyb,,"이스피리투산투 주","אספיריטו סאנטו",,"Еспирито Санто",BR-ES,http://www.es.gov.br,Regional/South_America/Brazil/States/Espirito_Santo/,BR08,3463930,"Espírito Santo Province","إسبيريتو سانتو","Штат Эспірыту-Санту","Еспирито Санто","কাপিক্সাবা",,"اسپیریتو سانتو","Espírito Santo","एस्पिरितो सान्तो",,"ესპირიტუ-სანტუ","Espírito Santo","Civitas Spiritus Sancti","Еспирито Санто","एस्पिरितो सांतो","Эспириту-Санту","اسپریتو سانتو","Ch'uya Ispiritu suyu","Espírito Santo","Espírito Santo","Эспириту Санту","รัฐเอสปีรีตูซานตู","Еспіріту-Санту","Espírito Santo",,"Espírito Santo","Espírito Santo",,Espiritu-Santu,"Espírito Santo",,"اسپیریتو سانتو",,"Espírito Santo (estado)",,Espiritu-Santu,"Espírito Santo Istadu",,,,,,,,,,,,,,,,"Espírito Santo",,,,,,,,,,,,,,,
Q43235,"state of Brazil","Rondônia","Rondônia","Rondônia","朗多尼亚州",1982-01-04,"Rondônia","Rondônia","ロンドニア州","Rondônia",,,,"Рондония",,,,"Rondônia",,"Rondônia",,,"Rondônia","Rondônia",,"Rondônia","Rondônia","Rondônia",,,Rondonio,Rondonia,"Rondônia osariik","Rondônia","Rondônia",,,,,"Rondonia - Rondônia",,"Rondônia","Rondônia","Rondônia","Rondônia",,Rondonia,"Rondônia",,,,,,,Rondonija,Rondonija,"Rondônia",,"Rondônia",,"Rondônia",,,"Rondônia",,"Rondônia",,,"Rondònia",,"Rondônia","Rondônia",,,"Rondônia",,,"Rondônia","Rondônia",,"Rondônia","Rondônia","Rondônia",,"Rondônia",,,"Rondônia",,,,"https://upload.wikimedia.org/wikipedia/commons/f/fa/Bandeira_de_Rondônia.svg","https://upload.wikimedia.org/wikipedia/commons/f/f1/Brasão_de_Rondônia.svg",/m/01hds7,,"혼도니아 주","רונדוניה",,"Рондонија",BR-RO,http://www.rondonia.ro.gov.br/,Regional/South_America/Brazil/States/Rondonia/,BR24,3924825,"Rondônia Territory","روندونيا","Штат Рандонія","Рондония","রনডনিয়া",,"روندونیا","Rondônia","रोन्डोनिया",,"რონდონია","Rondônia",Rondonia,"Рондонија","रोन्द्योनिया",,"روندونیا","Rondônia suyu","Rondônia","Rondônia","Рондония","รัฐรอนโดเนีย","Рондонія","Rondônia",,"Rondônia","Rondônia","Рандонія",Rondoniya,"Rondônia",,"روندونیا",,"Rondônia",,Rondoniya,"Rondonia Istadu",11978560g,,,,,,,,,,,,,1001944,"རོན་དོ་ནིཡ་",,,,,,,,,,,,,,,,
Q43255,"state of Brazil","Rio Grande do Norte","Rio Grande do Norte","Rio Grande do Norte","北里约格朗德",1891,"Rio Grande do Norte","Rio Grande do Norte","リオグランデ・ド・ノルテ州","Rio Grande do Norte","Rio Grande do Norte","Rio Grande do Norte",,"Риу-Гранди-ду-Норти",,,,"Rio Grande do Norte",,"Rio Grande do Norte",,,"Rio Grande do Norte","Rio Grande do Norte",,"Rio Grande do Norte","Rio Grande do Norte","Rio Grande do Norte",,"Rio Grande do Norte","Norda Rio-Grando","Río Grande del Norte","Rio Grande do Norte osariik","Rio Grande do Norte","Rio Grande do Norte",,,,,"Río Grande do Norte - Rio Grande do Norte",,"Rio Grande do Norte","Rio Grande do Norte","Rio Grande do Norte","Rio Grande do Norte",,"Rio Grande do Norte","Rio Grande do Norte",,,,,,,"Šiaurės Rio Grandė","Riugrandi du Norti",,,"Rio Grande do Norte",,"Rio Grande do Norte",,,"Rio Grande do Norte",,"Rio Grande do Norte",,,"Rio Grande dël Nòrd",,"Rio Grande do Norte","Rio Grande do Norte",,,"Rio Grande do Norte",,,"Rio Grande do Norte","Rio Grande do Norte",,"Rio Grande do Norte","Rio Grande do Norte","Rio Grande do Norte",,"Rio Grande do Norte",,,"Rio Grande do Norte",,,,https://upload.wikimedia.org/wikipedia/commons/3/30/Bandeira_do_Rio_Grande_do_Norte.svg,"https://upload.wikimedia.org/wikipedia/commons/2/26/Brasão_do_Rio_Grande_do_Norte.svg",/m/01hdrc,,"히우그란지두노르치 주","ריו גראנדה דו נורטה",,"Рио Гранде до Норте",BR-RN,http://www.rn.gov.br/,Regional/South_America/Brazil/States/Rio_Grande_do_Norte/,BR22,3390290,,"ريو غراندي دو نورتي","Штат Рыу-Гранды-ду-Норты","Рио Гранди до Норти","রিও গ্রান্ডে ডো নর্টে","Ρίο Γκράντε ντο Νόρτε","ریوگرانده دو نورتی","Rio Grande do Norte","रियो ग्रांडे दो नोर्टे","Rio Grande do Norte","რიუ-გრანდი-დუ-ნორტი","Rio Grande do Norte","Flumen Magnum Septentrionale","Северно Рио Гранде","रियो ग्रांदे दो नॉर्ते",,"ریو گراند دو نورتے","Chinchay Hatunmayu suyu","Rio Grande do Norte","Riu Grande do Norte","Риу Гранди ду Норти","รัฐรีอูกรันดีดูนอร์ตี","Ріу-Гранді-ду-Норті","Rio Grande do Norte",,"Rio Grande do Norte","Rio Grande do Norte",,"Riu Grandi du Norti","Rio Grande do Norte","இரியோ கிராண்டு டோ நார்த்","شمالی ریو گرانڈی","Ռիու Գրանդի դու Նորտի","Rio Grande do Norte (estado sa Brasil)",,Riu-Qrandi-du-Norti,"Rio Grande do Norte Istadu",12182044c,,,,"Rio Grande do Norte",,,,,,,,,,,"Rio Grande do Norte",,,,,,,,,,,,,,,
Q43319,"state of Brazil","Mato Grosso do Sul","Mato Grosso do Sul","Mato Grosso do Sul","南马托格罗索州",1979,"Mato Grosso do Sul","Mato Grosso do Sul","マットグロッソ・ド・スル州","Mato Grosso do Sul",,,,"Мату-Гросу-ду-Сул",,,,"Mato Grosso do Sul",,"Mato Grosso do Sul",,,"Mato Grosso do Sul","Mato Grosso do Sul",,"Mato Grosso do Sul","Mato Grosso do Sul","Mato Grosso do Sul",,,"Suda Mato-Groso","Mato Grosso del Sur","Mato Grosso do Suli osariik","Mato Grosso do Sul","Mato Grosso do Sul",,,,,"Mato Groso do Sur - Mato Grosso do Sul",,"Mato Grosso do Sul","Mato Grosso do Sul","Mato Grosso do Sul","Mato Grosso do Sul",,"Mato Grosso do Sul","Mato Grosso do Sul",,,,,,,"Pietų Mato Grosas","Matugrosu du Sula",,,"Mato Grosso do Sul",,"Mato Grosso do Sul",,,"Mato Grosso do Sul",,"Mato Grosso do Sul",,,"Mato Gross dël Sud",,"Mato Grosso do Sul","Mato Grosso do Sul",,,"Mato Grosso do Sul",,,"Mato Grosso do Sul","Mato Grosso do Sul",,"Mato Grosso do Sul","Mato Grosso do Sul","Mato Grosso do Sul",,"Mato Grosso do Sul",,,"Mato Grosso do Sul",,,,https://upload.wikimedia.org/wikipedia/commons/6/64/Bandeira_de_Mato_Grosso_do_Sul.svg,"https://upload.wikimedia.org/wikipedia/commons/f/fa/Brasão_de_Mato_Grosso_do_Sul.svg",/m/01hdn5,,"마투그로수두술 주","מאטו גרוסו דו סול",,"Мато Гросо до Сул",BR-MS,http://www.ms.gov.br/,Regional/South_America/Brazil/States/Mato_Grosso_do_Sul/,BR11,3457415,,"ماتو غروسو دو سول","Штат Мату-Гросу-ду-Сул","Мато Гросо до Сул","মাটো গ্রসো ডো সুল",,"ماتوگروسو جنوبی","Mato Grosso do Sul","मातो ग्रोसो दो सुल",,"მატუ-გროსუ-დუ-სული","Mato Grosso do Sul","Silva Crassa Meridionalis","Јужно Мато Грошо","मातो ग्रोसो दो सुल",,"ماتو گروسو دو سول","Urin Mato Grosso suyu","Mato Grosso do Sul","Mato Grosso do Sul","Мату Гросу ду Сул","รัฐมาตูโกรสซูดูซูล","Мату-Гросу-ду-Сул","Mato Grosso do Sul",,"Mato Grosso do Sul","Mato Grosso do Sul","Мату-Гросу-ду-Сул",Matu-Grosu-du-Sul,"Mato Grosso do Sul",,"جنوبی ماتو گروسو","Մատու Գրոսու դու Սուլ","Mato Grosso do Sul",,Matu-Qrosu-du-Sul,"Mato Grosso do Sul Istadu",12089491h,,,,"Mato Grosso do Sul",,,,,,,,,1001898,,"Mato Grosso do Sul",,,,,,,,,,,"Mato Grosso do Sul",,,,
Q43695,"state of Brazil",Tocantins,Tocantins,Tocantins,"托坎廷斯",1988,Tocantins,Tocantins,"トカンティンス州",Tocantins,,,,"Токантинс",,,,Tocantins,,Tocantins,,,Tocantins,"Estat de Tocantins",,Tocantins,Tocantins,Tocantins,,,Tokantinso,Tocantins,"Tocantinsi osariik",Tocantins,Tocantins,,,,,Tocantins,,Tocantins,Tocatins,Tocantins,Tocantins,,Tocantins,Tocantins,,,,,,,Tokantinsas,Tokantinsa,Tocantins,,Tocantins,,Tocantins,,,,,Tocantins,,,Tocantins,,Tocantins,Tocantins,,,Tocantins,,,Tocantins,Tocantins,,Tocantins,Tocantins,Tocantins,,Tocantins,,,Tocantins,,,,https://upload.wikimedia.org/wikipedia/commons/f/ff/Bandeira_do_Tocantins.svg,"https://upload.wikimedia.org/wikipedia/commons/c/cc/Brasão_do_Tocantins.svg",/m/0d0k4,,"토칸칭스 주","טוקנטינס",,"Токантинс",BR-TO,http://portal.to.gov.br/,Regional/South_America/Brazil/States/Tocantins/,BR31,3474575,"Goiás","توكانتينس","Штат Такантынс","Токантинс","টোকানটিনস",,"توکانتینس","Tukãtĩ","टोकाचिस",,"ტოკანტინსი",Tocantins,Tocantins,"Токантинс","तोकांतिन्स",,"توکانتیس","Tocantins suyu",Tocantins,Tocantins,"Токантинс","รัฐโตกันชีนส์","Токантінс",Tocantins,,Tocantins,Tocantins,,Tokantins,Tocantins,,"توکانتینس",,"Tocantins (estado)",,Tokantins,"Tocantins Istadu",,,,,,,,,,,,,"Токантинс",,"ཏོ་ཀན་ཏིནསི་",,,,,,,,,,,,,"ტოკანტინსი",,,
Q43783,"state of Brazil",Sergipe,Sergipe,Sergipe,"塞尔希培州",1889,Sergipe,Sergipe,"セルジッペ州",Sergipe,,,,"Сержипи",,,,Sergipe,,Sergipe,,,Sergipe,Sergipe,,Sergipe,Sergipe,Sergipe,,,"Serĝipo",Sergipe,"Sergipe osariik",Sergipe,Sergipe,,,,,Sergipe,,Sergipe,Sergipe,Sergipe,Sergipe,,Sergipe,Sergipe,,,,,,,"Seržipė","Seržipi",Sergipe,,Sergipe,,Sergipe,,,Sergipe,,Sergipe,,,Sergipe,,Sergipe,Sergipe,,,Sergipe,,,Sergipe,Sergipe,,Sergipe,Sergipe,Sergipe,,Sergipe,,,Sergipe,,,,https://upload.wikimedia.org/wikipedia/commons/b/be/Bandeira_de_Sergipe.svg,"https://upload.wikimedia.org/wikipedia/commons/5/52/Brasão_de_Sergipe.svg",/m/01hdt7,,"세르지피 주","סרז'יפה",,"Сержипе",BR-SE,http://www.se.gov.br/,Regional/South_America/Brazil/States/Sergipe/,BR28,3447799,"Sergipe Province","سيرجيبي","Штат Сержыпі","Сержипи","সের্গিপে","Σερζίπε","سرژیپه",Sergipe,"सर्जिपे",Sergipe,"სერჟიპი",Sergipe,Sergipensis,,"सर्जिपे",,"سرگیپے","Sergipe suyu",Sergipe,Sergipe,"Сержипи","รัฐเซร์ชีปี","Сержипі",Sergipe,,Sergipe,Sergipe,,Serjipi,Sergipe,,"سرژیپی","Սերժիպի",Sergipe,,Serjipi,"Sergipe Istadu",11938655b,,,,,,,,,,,,"Сержипи",,,,,,,,,,,,,,,,,,
