id,name,sort_name,given_name,family_name,name__ar,party,party_id,party__ar,constituency,province,start_date,end_date,gender,name__en,term
1,Jaouad Iraki,Iraki Jaouad,Jaouad,Iraki,جواد العراقي,Parti de la Justice et du Développement,PJD,حزب العدالة والتنمية,AL FIDA - MERS SULTAN,AL FIDA - MERS SULTAN,2016-10-07,,,Jaouad Iraki,10
10,Mohamed Yatim,Yatim Mohamed,Mohamed,Yatim,محمد يتيم,Parti de la Justice et du Développement,PJD,حزب العدالة والتنمية,SIDI BERNOUSSI,SIDI BERNOUSSI,2016-10-07,,,Mohamed Yatim,10
100,Loubna Elkohli,Elkohli Loubna,Loubna,Elkohli,لبنى الكحلي,Parti de la Justice et du Développement,PJD,حزب العدالة والتنمية,National,Liste Nationale,2016-10-07,,,Loubna Elkohli,10
101,Mahmoud Amri,Amri Mahmoud,Mahmoud,Amri,محمود آمري,Parti de la Justice et du Développement,PJD,حزب العدالة والتنمية,National,Liste Nationale,2016-10-07,,,Mahmoud Amri,10
102,Naoufel Naciri,Naciri Naoufel,Naoufel,Naciri,نوفل الناصري,Parti de la Justice et du Développement,PJD,حزب العدالة والتنمية,National,Liste Nationale,2016-10-07,,,Naoufel Naciri,10
103,Imane Yaacoubi,Yaacoubi Imane,Imane,Yaacoubi,إيمان اليعقوبي,Parti de la Justice et du Développement,PJD,حزب العدالة والتنمية,National,Liste Nationale,2016-10-07,,,Imane Yaacoubi,10
104,Mohcine Moufdi,Moufdi Mohcine,Mohcine,Moufdi,محسن موفيدي,Parti de la Justice et du Développement,PJD,حزب العدالة والتنمية,National,Liste Nationale,2016-10-07,,,Mohcine Moufdi,10
105,Brahim Chouiykh,Chouiykh Brahim,Brahim,Chouiykh,ابراهيم شويخ,Parti de la Justice et du Développement,PJD,حزب العدالة والتنمية,National,Liste Nationale,2016-10-07,,,Brahim Chouiykh,10
106,Reda Bougmazi,Bougmazi Reda,Reda,Bougmazi,رضا بوكمازي,Parti de la Justice et du Développement,PJD,حزب العدالة والتنمية,National,Liste Nationale,2016-10-07,,,Reda Bougmazi,10
107,Elhoucine Harich,Harich Elhoucine,Elhoucine,Harich,الحسين حاريش,Parti de la Justice et du Développement,PJD,حزب العدالة والتنمية,National,Liste Nationale,2016-10-07,,,Elhoucine Harich,10
108,Majda Benarbia,Benarbia Majda,Majda,Benarbia,ماجدة بنعربية,Parti de la Justice et du Développement,PJD,حزب العدالة والتنمية,National,Liste Nationale,2016-10-07,,female,Majda Benarbia,10
109,Boutaina Karouri,Karouri Boutaina,Boutaina,Karouri,بثينة القروري,Parti de la Justice et du Développement,PJD,حزب العدالة والتنمية,National,Liste Nationale,2016-10-07,,female,Boutaina Karouri,10
11,Abdelmjid Ait Laadila,Ait Laadila Abdelmjid,Abdelmjid,Ait Laadila,عبد المجيد أيت عديلة,Parti de la Justice et du Développement,PJD,حزب العدالة والتنمية,SIDI BERNOUSSI,SIDI BERNOUSSI,2016-10-07,,,Abdelmjid Ait Laadila,10
110,Mimouna Aftati,Aftati Mimouna,Mimouna,Aftati,ميمونة أفتاتي,Parti de la Justice et du Développement,PJD,حزب العدالة والتنمية,National,Liste Nationale,2016-10-07,,female,Mimouna Aftati,10
111,Souad Lomari,Lomari Souad,Souad,Lomari,سعاد لعماري,Parti de la Justice et du Développement,PJD,حزب العدالة والتنمية,National,Liste Nationale,2016-10-07,,female,Souad Lomari,10
112,Souad Zakhnini,Zakhnini Souad,Souad,Zakhnini,سعاد زخنيني,Parti de la Justice et du Développement,PJD,حزب العدالة والتنمية,National,Liste Nationale,2016-10-07,,female,Souad Zakhnini,10
113,Ichrak El Bouyesfi,El Bouyesfi Ichrak,Ichrak,El Bouyesfi,إشراق البويسفي,Parti de la Justice et du Développement,PJD,حزب العدالة والتنمية,National,Liste Nationale,2016-10-07,,female,Ichrak El Bouyesfi,10
114,Najia Lotfi,Lotfi Najia,Najia,Lotfi,نجية لطفي,Parti de la Justice et du Développement,PJD,حزب العدالة والتنمية,National,Liste Nationale,2016-10-07,,female,Najia Lotfi,10
115,Khadija Chami,Chami Khadija,Khadija,Chami,خديجة شامي,Parti de la Justice et du Développement,PJD,حزب العدالة والتنمية,National,Liste Nationale,2016-10-07,,female,Khadija Chami,10
116,Meriama Boujemaa,Boujemaa Meriama,Meriama,Boujemaa,مريمة بوجمعة,Parti de la Justice et du Développement,PJD,حزب العدالة والتنمية,National,Liste Nationale,2016-10-07,,female,Meriama Boujemaa,10
117,Asmaa Nacifi,Nacifi Asmaa,Asmaa,Nacifi,أسماء الناصيفي,Parti de la Justice et du Développement,PJD,حزب العدالة والتنمية,National,Liste Nationale,2016-10-07,,female,Asmaa Nacifi,10
118,Naima Bahich,Bahich Naima,Naima,Bahich,ناعمة بهيش,Parti de la Justice et du Développement,PJD,حزب العدالة والتنمية,National,Liste Nationale,2016-10-07,,female,Naima Bahich,10
119,Nezha Elyazidi,Elyazidi Nezha,Nezha,Elyazidi,نزهة اليازيدي,Parti de la Justice et du Développement,PJD,حزب العدالة والتنمية,National,Liste Nationale,2016-10-07,,female,Nezha Elyazidi,10
12,Abdessamad Hayker,Hayker Abdessamad,Abdessamad,Hayker,عبد الصمد حيكر,Parti de la Justice et du Développement,PJD,حزب العدالة والتنمية,CASABLANCA - ANFA,CASABLANCA - ANFA,2016-10-07,,,Abdessamad Hayker,10
120,Mounayna Moudden,Moudden Mounayna,Mounayna,Moudden,منينة المودن,Parti de la Justice et du Développement,PJD,حزب العدالة والتنمية,National,Liste Nationale,2016-10-07,,female,Mounayna Moudden,10
121,Hayat Skihil,Skihil Hayat,Hayat,Skihil,حياة سيكيحل,Parti de la Justice et du Développement,PJD,حزب العدالة والتنمية,National,Liste Nationale,2016-10-07,,female,Hayat Skihil,10
122,Fatima Ahl Takrour,Ahl Takrour Fatima,Fatima,Ahl Takrour,فاطمة أهل لكرور,Parti de la Justice et du Développement,PJD,حزب العدالة والتنمية,National,Liste Nationale,2016-10-07,,female,Fatima Ahl Takrour,10
123,Amina Faouzi Zizi,Faouzi Zizi Amina,Amina,Faouzi Zizi,أمينة فوزي زيزي,Parti de la Justice et du Développement,PJD,حزب العدالة والتنمية,National,Liste Nationale,2016-10-07,,female,Amina Faouzi Zizi,10
124,Fatiha Choubani,Choubani Fatiha,Fatiha,Choubani,فاتحة شوباني,Parti de la Justice et du Développement,PJD,حزب العدالة والتنمية,National,Liste Nationale,2016-10-07,,female,Fatiha Choubani,10
125,Aicha Idbouch,Idbouch Aicha,Aicha,Idbouch,عائشة إدبوش,Parti de la Justice et du Développement,PJD,حزب العدالة والتنمية,National,Liste Nationale,2016-10-07,,female,Aicha Idbouch,10
126,Abdelkrim Chegri,Chegri Abdelkrim,Abdelkrim,Chegri,عبد الكريم شكري,Parti Authenticité et Modernité,PAM,حزب الأصالة والمعاصرة,NOUACEUR,NOUACEUR,2016-10-07,,,Abdelkrim Chegri,10
127,Nourdine Elbidi,Elbidi Nourdine,Nourdine,Elbidi,نور الدين البيضي,Parti Authenticité et Modernité,PAM,حزب الأصالة والمعاصرة,BERRECHID,BERRECHID,2016-10-07,,,Nourdine Elbidi,10
128,Hicham Harami,Harami Hicham,Hicham,Harami,هشام هرامي,Parti Authenticité et Modernité,PAM,حزب الأصالة والمعاصرة,SETTAT,SETTAT,2016-10-07,,,Hicham Harami,10
129,Salaheddine Aboulghali,Aboulghali Salaheddine,Salaheddine,Aboulghali,صلاح الدين أبو الغالي,Parti Authenticité et Modernité,PAM,حزب الأصالة والمعاصرة,MEDIOUNA,MEDIOUNA,2016-10-07,,,Salaheddine Aboulghali,10
13,Abdelhak Ennajhi,Ennajhi Abdelhak,Abdelhak,Ennajhi,عبد الحق الناجحي,Parti de la Justice et du Développement,PJD,حزب العدالة والتنمية,CASABLANCA - ANFA,CASABLANCA - ANFA,2016-10-07,,,Abdelhak Ennajhi,10
130,Taher Bmzagh,Bmzagh Taher,Taher,Bmzagh,الطاهر بيمزاغ,Parti Authenticité et Modernité,PAM,حزب الأصالة والمعاصرة,MOHAMMADIA,MOHAMMADIA,2016-10-07,,,Taher Bmzagh,10
131,Bouchaib Ammar,Ammar Bouchaib,Bouchaib,Ammar,بوشعيب عمار,Parti Authenticité et Modernité,PAM,حزب الأصالة والمعاصرة,SIDI BENNOUR,SIDI BENNOUR,2016-10-07,,,Bouchaib Ammar,10
132,Abdelghni Mekhdad,Mekhdad Abdelghni,Abdelghni,Mekhdad,عبد الغني مخداد,Parti Authenticité et Modernité,PAM,حزب الأصالة والمعاصرة,SIDI BENNOUR,SIDI BENNOUR,2016-10-07,,,Abdelghni Mekhdad,10
133,Abdelhakim Sajda,Sajda Abdelhakim,Abdelhakim,Sajda,عبد الحكيم سجدة,Parti Authenticité et Modernité,PAM,حزب الأصالة والمعاصرة,EL JADIDA,EL JADIDA,2016-10-07,,,Abdelhakim Sajda,10
134,Abdelfattah El Aouni,El Aouni Abdelfattah,Abdelfattah,El Aouni,عبد الفتاح العوني,Parti Authenticité et Modernité,PAM,حزب الأصالة والمعاصرة,RABAT- MOUHET,RABAT,2016-10-07,,,Abdelfattah El Aouni,10
135,Sidi Brahim Joumani,Joumani Sidi Brahim,Sidi Brahim,Joumani,سيدي ابراهيم الجماني,Parti Authenticité et Modernité,PAM,حزب الأصالة والمعاصرة,RABAT - CHELLAH,RABAT,2016-10-07,,,Sidi Brahim Joumani,10
136,Rachid Abdi,Abdi Rachid,Rachid,Abdi,رشيد العبدي,Parti Authenticité et Modernité,PAM,حزب الأصالة والمعاصرة,SALE - MEDINA,SALE,2016-10-07,,,Rachid Abdi,10
137,Mohamed Benatiya,Benatiya Mohamed,Mohamed,Benatiya,محمد بنعطية,Parti Authenticité et Modernité,PAM,حزب الأصالة والمعاصرة,SALE AL JADIDA,SALE,2016-10-07,,,Mohamed Benatiya,10
138,Faouzi Chaabi,Chaabi Faouzi,Faouzi,Chaabi,فوزي الشعبي,Parti Authenticité et Modernité,PAM,حزب الأصالة والمعاصرة,KENITRA,KENITRA,2016-10-07,,,Faouzi Chaabi,10
139,Mohamed Chrourou,Chrourou Mohamed,Mohamed,Chrourou,محمد شرورو,Parti Authenticité et Modernité,PAM,حزب الأصالة والمعاصرة,KHEMISSET - OULMES,KHEMISSET,2016-10-07,,,Mohamed Chrourou,10
14,Abdelaziz Elomari,Elomari Abdelaziz,Abdelaziz,Elomari,عبد العزيز عماري,Parti de la Justice et du Développement,PJD,حزب العدالة والتنمية,AIN SEBAA - HAY MOHAMMADI,AIN SEBAA - HAY MOHAMMADI,2016-10-07,,,Abdelaziz Elomari,10
140,Rahou El Hilaa,El Hilaa Rahou,Rahou,El Hilaa,رحو الهليع,Parti Authenticité et Modernité,PAM,حزب الأصالة والمعاصرة,TIFELT - ROMMANI,KHEMISSET,2016-10-07,,,Rahou El Hilaa,10
141,Essaad Benzaroual,Benzaroual Essaad,Essaad,Benzaroual,السعد بنزروال,Parti Authenticité et Modernité,PAM,حزب الأصالة والمعاصرة,SIDI KACEM,SIDI KACEM,2016-10-07,,,Essaad Benzaroual,10
142,Mohamed El Hilali,El Hilali Mohamed,Mohamed,El Hilali,محمد الهلالي,Parti Authenticité et Modernité,PAM,حزب الأصالة والمعاصرة,SKHIRATE - TEMARA,SKHIRATE - TEMARA,2016-10-07,,,Mohamed El Hilali,10
143,Nourdine Herouchi,Herouchi Nourdine,Nourdine,Herouchi,نور الدين الهروشي,Parti Authenticité et Modernité,PAM,حزب الأصالة والمعاصرة,TETOUAN,TETOUAN,2016-10-07,,,Nourdine Herouchi,10
144,Mohamed Hemmouti,Hemmouti Mohamed,Mohamed,Hemmouti,محمد الحموتي,Parti Authenticité et Modernité,PAM,حزب الأصالة والمعاصرة,ALHOUCEIMA,ALHOUCEIMA,2016-10-07,,,Mohamed Hemmouti,10
145,Omar Zerrad,Zerrad Omar,Omar,Zerrad,عمر الزراد,Parti Authenticité et Modernité,PAM,حزب الأصالة والمعاصرة,ALHOUCEIMA,ALHOUCEIMA,2016-10-07,,,Omar Zerrad,10
146,Fouad El Omari,El Omari Fouad,Fouad,El Omari,فؤاد العماري,Parti Authenticité et Modernité,PAM,حزب الأصالة والمعاصرة,TANGER-ASSILAH,TANGER-ASSILAH,2016-10-07,,,Fouad El Omari,10
147,Redouane Nouinou,Nouinou Redouane,Redouane,Nouinou,رضوان النوينو,Parti Authenticité et Modernité,PAM,حزب الأصالة والمعاصرة,FAHS-ANJRA,FAHS-ANJRA,2016-10-07,,,Redouane Nouinou,10
148,Ouiam Mahrachi,Mahrachi Ouiam,Ouiam,Mahrachi,وئام المحرشي,Parti Authenticité et Modernité,PAM,حزب الأصالة والمعاصرة,OUEZZANE,OUEZZANE,2016-10-07,,,Ouiam Mahrachi,10
149,Taoufik Mimouni,Mimouni Taoufik,Taoufik,Mimouni,التوفيق الميموني,Parti Authenticité et Modernité,PAM,حزب الأصالة والمعاصرة,CHEFCHAOUEN,CHEFCHAOUEN,2016-10-07,,,Taoufik Mimouni,10
15,Nouzha Elouafi,Elouafi Nouzha,Nouzha,Elouafi,نزهة الوافي,Parti de la Justice et du Développement,PJD,حزب العدالة والتنمية,AIN SEBAA - HAY MOHAMMADI,AIN SEBAA - HAY MOHAMMADI,2016-10-07,,,Nouzha Elouafi,10
150,Amal Boukir,Boukir Amal,Amal,Boukir,أمال بوكير,Parti Authenticité et Modernité,PAM,حزب الأصالة والمعاصرة,LARACHE,LARACHE,2016-10-07,,,Amal Boukir,10
151,Jamila Afif,Afif Jamila,Jamila,Afif,جميلة عفيف,Parti Authenticité et Modernité,PAM,حزب الأصالة والمعاصرة,GUELIZ - ANNAKHIL,MARRAKECH,2016-10-07,,,Jamila Afif,10
152,Omar Khafif,Khafif Omar,Omar,Khafif,عمر خفيف,Parti Authenticité et Modernité,PAM,حزب الأصالة والمعاصرة,MENARA,MARRAKECH,2016-10-07,,,Omar Khafif,10
153,Fatima Ezzahra El Mansouri,El Mansouri Fatima Ezzahra,Fatima Ezzahra,El Mansouri,فاطمة الزهراء المنصوري,Parti Authenticité et Modernité,PAM,حزب الأصالة والمعاصرة,EL MEDINA - SIDI YOUSSEF BEN ALI,MARRAKECH,2016-10-07,,,Fatima Ezzahra El Mansouri,10
154,Mohamed Kamal Laraki,Laraki Mohamed Kamal,Mohamed Kamal,Laraki,محمد كمال العراقي,Parti Authenticité et Modernité,PAM,حزب الأصالة والمعاصرة,AL HAOUZ,AL HAOUZ,2016-10-07,,,Mohamed Kamal Laraki,10
155,Abderrahim Ouaamar,Ouaamar Abderrahim,Abderrahim,Ouaamar,عبد الرحيم واعمرو,Parti Authenticité et Modernité,PAM,حزب الأصالة والمعاصرة,EL KELAA DES SRAGHNA,EL KELAA DES SRAGHNA,2016-10-07,,,Abderrahim Ouaamar,10
156,Abderrazzak Ourzazi,Ourzazi Abderrazzak,Abderrazzak,Ourzazi,عبد الرزاق الورزازي,Parti Authenticité et Modernité,PAM,حزب الأصالة والمعاصرة,EL KELAA DES SRAGHNA,EL KELAA DES SRAGHNA,2016-10-07,,,Abderrazzak Ourzazi,10
157,Youssef Rouijel,Rouijel Youssef,Youssef,Rouijel,يوسف الرويجل,Parti Authenticité et Modernité,PAM,حزب الأصالة والمعاصرة,YOUSSOUFIA,YOUSSOUFIA,2016-10-07,,,Youssef Rouijel,10
158,Mohamed Karim,Karim Mohamed,Mohamed,Karim,محمد كاريم,Parti Authenticité et Modernité,PAM,حزب الأصالة والمعاصرة,SAFI,SAFI,2016-10-07,,,Mohamed Karim,10
159,Hicham Lemhajri,Lemhajri Hicham,Hicham,Lemhajri,هشام المهاجري,Parti Authenticité et Modernité,PAM,حزب الأصالة والمعاصرة,CHICHAOUA,CHICHAOUA,2016-10-07,,,Hicham Lemhajri,10
16,Saleh Elmaloulki,Elmaloulki Saleh,Saleh,Elmaloulki,صالح المالوكي,Parti de la Justice et du Développement,PJD,حزب العدالة والتنمية,AGADIR - IDA- OUTANANE,AGADIR - IDA- OUTANANE,2016-10-07,,,Saleh Elmaloulki,10
160,Miloud Ait Hammou,Ait Hammou Miloud,Miloud,Ait Hammou,ميلود آيت حمو,Parti Authenticité et Modernité,PAM,حزب الأصالة والمعاصرة,CHICHAOUA,CHICHAOUA,2016-10-07,,,Miloud Ait Hammou,10
161,Abdesslam Bakouri,Bakouri Abdesslam,Abdesslam,Bakouri,عبد السلام الباكوري,Parti Authenticité et Modernité,PAM,حزب الأصالة والمعاصرة,REHAMNA,REHAMNA,2016-10-07,,,Abdesslam Bakouri,10
162,Abdellatif Zaim,Zaim Abdellatif,Abdellatif,Zaim,عبد اللطيف الزعيم,Parti Authenticité et Modernité,PAM,حزب الأصالة والمعاصرة,REHAMNA,REHAMNA,2016-10-07,,,Abdellatif Zaim,10
163,Asmaa Chaabi,Chaabi Asmaa,Asmaa,Chaabi,أسماء الشعبي,Parti Authenticité et Modernité,PAM,حزب الأصالة والمعاصرة,ESSAOUIRA,ESSAOUIRA,2016-10-07,,,Asmaa Chaabi,10
164,Addi Bouarfa,Bouarfa Addi,Addi,Bouarfa,عدي بوعرفة,Parti Authenticité et Modernité,PAM,حزب الأصالة والمعاصرة,ERRACHIDIA,ERRACHIDIA,2016-10-07,,,Addi Bouarfa,10
165,Jaouad Naciri,Naciri Jaouad,Jaouad,Naciri,جواد الناصري,Parti Authenticité et Modernité,PAM,حزب الأصالة والمعاصرة,ZAGORA,ZAGORA,2016-10-07,,,Jaouad Naciri,10
166,Redouane Ghanem,Ghanem Redouane,Redouane,Ghanem,رضوان غانم,Parti Authenticité et Modernité,PAM,حزب الأصالة والمعاصرة,MIDELT,MIDELT,2016-10-07,,,Redouane Ghanem,10
167,Ismail Lemmaoui,Lemmaoui Ismail,Ismail,Lemmaoui,اسماعيل لماوي,Parti Authenticité et Modernité,PAM,حزب الأصالة والمعاصرة,OUARZAZATE,OUARZAZATE,2016-10-07,,,Ismail Lemmaoui,10
168,Hassan Bourkalan,Bourkalan Hassan,Hassan,Bourkalan,حسن بوركالن,Parti Authenticité et Modernité,PAM,حزب الأصالة والمعاصرة,TINGHIR,TINGHIR,2016-10-07,,,Hassan Bourkalan,10
169,Abderrahim Atmoun,Atmoun Abderrahim,Abderrahim,Atmoun,عبد الرحيم عثمون,Parti Authenticité et Modernité,PAM,حزب الأصالة والمعاصرة,KHOURIBGA,KHOURIBGA,2016-10-07,,,Abderrahim Atmoun,10
17,Ismail Choukri,Choukri Ismail,Ismail,Choukri,اسماعيل شكري,Parti de la Justice et du Développement,PJD,حزب العدالة والتنمية,AGADIR - IDA- OUTANANE,AGADIR - IDA- OUTANANE,2016-10-07,,,Ismail Choukri,10
170,Khaled Mansouri,Mansouri Khaled,Khaled,Mansouri,خالد المنصوري,Parti Authenticité et Modernité,PAM,حزب الأصالة والمعاصرة,BENI - MELLAL,BENI - MELLAL,2016-10-07,,,Khaled Mansouri,10
171,Halim Fouad,Fouad Halim,Halim,Fouad,حليم فؤاد,Parti Authenticité et Modernité,PAM,حزب الأصالة والمعاصرة,BENI - MELLAL,BENI - MELLAL,2016-10-07,,,Halim Fouad,10
172,Badr Touami,Touami Badr,Badr,Touami,بدر التوامي,Parti Authenticité et Modernité,PAM,حزب الأصالة والمعاصرة,BZOU - OUAOUIZEGHT,AZILAL,2016-10-07,,,Badr Touami,10
173,Ibrahim Mouhi,Mouhi Ibrahim,Ibrahim,Mouhi,ابراهيم موحي,Parti Authenticité et Modernité,PAM,حزب الأصالة والمعاصرة,AZILAL - DEMNATE,AZILAL,2016-10-07,,,Ibrahim Mouhi,10
174,Abdelhadi Chrika,Chrika Abdelhadi,Abdelhadi,Chrika,عبد الهادي الشريكة,Parti Authenticité et Modernité,PAM,حزب الأصالة والمعاصرة,FQUIH BEN SALAH,FQUIH BEN SALAH,2016-10-07,,,Abdelhadi Chrika,10
175,Youssef Houar,Houar Youssef,Youssef,Houar,يوسف هوار,Parti Authenticité et Modernité,PAM,حزب الأصالة والمعاصرة,OUJDA-ANJAD,OUJDA-ANJAD,2016-10-07,,,Youssef Houar,10
176,Abdelkader Hadori,Hadori Abdelkader,Abdelkader,Hadori,عبد القادر حضوري,Parti Authenticité et Modernité,PAM,حزب الأصالة والمعاصرة,OUJDA-ANJAD,OUJDA-ANJAD,2016-10-07,,,Abdelkader Hadori,10
177,Mohamed Bernichi,Bernichi Mohamed,Mohamed,Bernichi,محمد برنيشي,Parti Authenticité et Modernité,PAM,حزب الأصالة والمعاصرة,GUERCIF,GUERCIF,2016-10-07,,,Mohamed Bernichi,10
178,Soulaimane Houlich,Houlich Soulaimane,Soulaimane,Houlich,سليمان حوليش,Parti Authenticité et Modernité,PAM,حزب الأصالة والمعاصرة,NADOR,NADOR,2016-10-07,,,Soulaimane Houlich,10
179,Mustapha Toutou,Toutou Mustapha,Mustapha,Toutou,مصطفى توتو,Parti Authenticité et Modernité,PAM,حزب الأصالة والمعاصرة,JERADA,JERADA,2016-10-07,,,Mustapha Toutou,10
18,Ramdane Bouachra,Bouachra Ramdane,Ramdane,Bouachra,رمضان بوعشرة,Parti de la Justice et du Développement,PJD,حزب العدالة والتنمية,INZEGANE - AIT MELLOUL,INZEGANE - AIT MELLOUL,2016-10-07,,,Ramdane Bouachra,10
180,Mohamed Ibrahimi,Ibrahimi Mohamed,Mohamed,Ibrahimi,محمد ابراهيمي,Parti Authenticité et Modernité,PAM,حزب الأصالة والمعاصرة,BERKANE,BERKANE,2016-10-07,,,Mohamed Ibrahimi,10
181,Driss Ouqemni,Ouqemni Driss,Driss,Ouqemni,ادريس اوقمني,Parti Authenticité et Modernité,PAM,حزب الأصالة والمعاصرة,FIGUIG,FIGUIG,2016-10-07,,,Driss Ouqemni,10
182,Sidi Mohamed Salem Joumani,Joumani Sidi Mohamed Salem,Sidi Mohamed Salem,Joumani,سيدي محمد سالم الجماني,Parti Authenticité et Modernité,PAM,حزب الأصالة والمعاصرة,LAAYOUNE,LAAYOUNE,2016-10-07,,,Sidi Mohamed Salem Joumani,10
183,Abdellah Idabadda,Idabadda Abdellah,Abdellah,Idabadda,عبد الله ادبادا,Parti Authenticité et Modernité,PAM,حزب الأصالة والمعاصرة,BOUJDOUR,BOUJDOUR,2016-10-07,,,Abdellah Idabadda,10
184,Abdellah Bilat,Bilat Abdellah,Abdellah,Bilat,عبد الله بيلات,Parti Authenticité et Modernité,PAM,حزب الأصالة والمعاصرة,TARFAYA,TARFAYA,2016-10-07,,,Abdellah Bilat,10
185,Zoubir Habdi,Habdi Zoubir,Zoubir,Habdi,الزبير حبدي,Parti Authenticité et Modernité,PAM,حزب الأصالة والمعاصرة,ES-SEMARA,ES-SEMARA,2016-10-07,,,Zoubir Habdi,10
186,Fouad Derqaoui,Derqaoui Fouad,Fouad,Derqaoui,فواد الدرقاوي,Parti Authenticité et Modernité,PAM,حزب الأصالة والمعاصرة,DRIOUCH,DRIOUCH,2016-10-07,,,Fouad Derqaoui,10
187,Abdellah Ouberka,Ouberka Abdellah,Abdellah,Ouberka,عبد الله أبركي,Parti Authenticité et Modernité,PAM,حزب الأصالة والمعاصرة,TAN - TAN,TAN - TAN,2016-10-07,,,Abdellah Ouberka,10
188,Rachid Tamek,Tamek Rachid,Rachid,Tamek,رشيد التامك,Parti Authenticité et Modernité,PAM,حزب الأصالة والمعاصرة,ASSA - ZAG,ASSA - ZAG,2016-10-07,,,Rachid Tamek,10
189,Mohamed Boubker,Boubker Mohamed,Mohamed,Boubker,محمد بوبكر,Parti Authenticité et Modernité,PAM,حزب الأصالة والمعاصرة,AOUSSERD,AOUSSERD,2016-10-07,,,Mohamed Boubker,10
19,Ahmed Adourrak,Adourrak Ahmed,Ahmed,Adourrak,أحمد أدراق,Parti de la Justice et du Développement,PJD,حزب العدالة والتنمية,INZEGANE - AIT MELLOUL,INZEGANE - AIT MELLOUL,2016-10-07,,,Ahmed Adourrak,10
190,Aziz Lebbar,Lebbar Aziz,Aziz,Lebbar,عزيز اللبار,Parti Authenticité et Modernité,PAM,حزب الأصالة والمعاصرة,FES ACHAMALIA,FES,2016-10-07,,,Aziz Lebbar,10
191,Jaouad Daouahi,Daouahi Jaouad,Jaouad,Daouahi,جواد الدواحي,Parti Authenticité et Modernité,PAM,حزب الأصالة والمعاصرة,MOULAY YACOUB,MOULAY YACOUB,2016-10-07,,,Jaouad Daouahi,10
192,Abdellatif Fouiqer,Fouiqer Abdellatif,Abdellatif,Fouiqer,عبد اللطيف فويقر,Parti Authenticité et Modernité,PAM,حزب الأصالة والمعاصرة,TAOUNATE - TISSA,TAOUNATE,2016-10-07,,,Abdellatif Fouiqer,10
193,Mohamed Hejira,Hejira Mohamed,Mohamed,Hejira,محمد احجيرة,Parti Authenticité et Modernité,PAM,حزب الأصالة والمعاصرة,KARIA - GHAFSAI,TAOUNATE,2016-10-07,,,Mohamed Hejira,10
194,Ahmed Chaouki,Chaouki Ahmed,Ahmed,Chaouki,أحمد شوكي,Parti Authenticité et Modernité,PAM,حزب الأصالة والمعاصرة,BOULEMANE,BOULEMANE,2016-10-07,,,Ahmed Chaouki,10
195,Abdelouahed Messaoudi,Messaoudi Abdelouahed,Abdelouahed,Messaoudi,عبد الواحد المسعودي,Parti Authenticité et Modernité,PAM,حزب الأصالة والمعاصرة,TAZA,TAZA,2016-10-07,,,Abdelouahed Messaoudi,10
196,Mohamed Touimi Benjelloun,Touimi Benjelloun Mohamed,Mohamed,Touimi Benjelloun,محمد بنجلون التويمي,Parti Authenticité et Modernité,PAM,حزب الأصالة والمعاصرة,AL FIDA - MERS SULTAN,AL FIDA - MERS SULTAN,2016-10-07,,,Mohamed Touimi Benjelloun,10
197,Abdelhak Chafik,Chafik Abdelhak,Abdelhak,Chafik,عبد الحق الشفيق,Parti Authenticité et Modernité,PAM,حزب الأصالة والمعاصرة,AIN CHOK,AIN CHOK,2016-10-07,,,Abdelhak Chafik,10
198,Mohamed Ajbil,Ajbil Mohamed,Mohamed,Ajbil,محمد اجبيل,Parti Authenticité et Modernité,PAM,حزب الأصالة والمعاصرة,MOULAY RACHID,MOULAY RACHID,2016-10-07,,,Mohamed Ajbil,10
199,Abdelkader Boudraa,Boudraa Abdelkader,Abdelkader,Boudraa,عبد القادر بودراع,Parti Authenticité et Modernité,PAM,حزب الأصالة والمعاصرة,HAY HASSANI,HAY HASSANI,2016-10-07,,,Abdelkader Boudraa,10
2,Elfatmi Ramid,Ramid Elfatmi,Elfatmi,Ramid,الفاطمي رميد,Parti de la Justice et du Développement,PJD,حزب العدالة والتنمية,AL FIDA - MERS SULTAN,AL FIDA - MERS SULTAN,2016-10-07,,,Elfatmi Ramid,10
20,Mohamed Ourich,Ourich Mohamed,Mohamed,Ourich,محمد أوريش,Parti de la Justice et du Développement,PJD,حزب العدالة والتنمية,TAROUDANNT AL JANOUBIA,TAROUDANNT,2016-10-07,,,Mohamed Ourich,10
200,Ahmed Brija,Brija Ahmed,Ahmed,Brija,أحمد بريجة,Parti Authenticité et Modernité,PAM,حزب الأصالة والمعاصرة,SIDI BERNOUSSI,SIDI BERNOUSSI,2016-10-07,,,Ahmed Brija,10
201,Said Ennassiri,Ennassiri Said,Said,Ennassiri,سعيد الناصري,Parti Authenticité et Modernité,PAM,حزب الأصالة والمعاصرة,CASABLANCA - ANFA,CASABLANCA - ANFA,2016-10-07,,,Said Ennassiri,10
202,Adil Elbitar,Elbitar Adil,Adil,Elbitar,عادل البيطار,Parti Authenticité et Modernité,PAM,حزب الأصالة والمعاصرة,AIN SEBAA - HAY MOHAMMADI,AIN SEBAA - HAY MOHAMMADI,2016-10-07,,,Adil Elbitar,10
203,Hamid Ouahbi,Ouahbi Hamid,Hamid,Ouahbi,حميد وهبي,Parti Authenticité et Modernité,PAM,حزب الأصالة والمعاصرة,AGADIR - IDA- OUTANANE,AGADIR - IDA- OUTANANE,2016-10-07,,,Hamid Ouahbi,10
204,Mohamed Ghalem,Ghalem Mohamed,Mohamed,Ghalem,محمد غالم,Parti Authenticité et Modernité,PAM,حزب الأصالة والمعاصرة,INZEGANE - AIT MELLOUL,INZEGANE - AIT MELLOUL,2016-10-07,,,Mohamed Ghalem,10
205,Abdellatif Ouahbi,Ouahbi Abdellatif,Abdellatif,Ouahbi,عبد اللطيف وهبي,Parti Authenticité et Modernité,PAM,حزب الأصالة والمعاصرة,TAROUDANNT CHAMALIA,TAROUDANNT,2016-10-07,,,Abdellatif Ouahbi,10
206,Said Dor,Dor Said,Said,Dor,سعيد ضور,Parti Authenticité et Modernité,PAM,حزب الأصالة والمعاصرة,CHTOUKA - AIT BAHA,CHTOUKA - AIT BAHA,2016-10-07,,,Said Dor,10
207,Ghita Badroun,Badroun Ghita,Ghita,Badroun,غيثة بدرون,Parti Authenticité et Modernité,PAM,حزب الأصالة والمعاصرة,National,Liste Nationale,2016-10-07,,,Ghita Badroun,10
208,Amal Arbouch,Arbouch Amal,Amal,Arbouch,أمال عربوش,Parti Authenticité et Modernité,PAM,حزب الأصالة والمعاصرة,National,Liste Nationale,2016-10-07,,,Amal Arbouch,10
209,Zhour Ouahabi,Ouahabi Zhour,Zhour,Ouahabi,زهور الوهابي,Parti Authenticité et Modernité,PAM,حزب الأصالة والمعاصرة,National,Liste Nationale,2016-10-07,,,Zhour Ouahabi,10
21,Abdeljalil Meskine,Meskine Abdeljalil,Abdeljalil,Meskine,عبد الجليل مسكين,Parti de la Justice et du Développement,PJD,حزب العدالة والتنمية,TAROUDANNT AL JANOUBIA,TAROUDANNT,2016-10-07,,,Abdeljalil Meskine,10
210,Mouna Achrit,Achrit Mouna,Mouna,Achrit,مونى أشريط,Parti Authenticité et Modernité,PAM,حزب الأصالة والمعاصرة,National,Liste Nationale,2016-10-07,,,Mouna Achrit,10
211,Meriem Ouahssat,Ouahssat Meriem,Meriem,Ouahssat,مريم وحساة,Parti Authenticité et Modernité,PAM,حزب الأصالة والمعاصرة,National,Liste Nationale,2016-10-07,,,Meriem Ouahssat,10
212,Aicha Farah,Farah Aicha,Aicha,Farah,عائشة فرح,Parti Authenticité et Modernité,PAM,حزب الأصالة والمعاصرة,National,Liste Nationale,2016-10-07,,,Aicha Farah,10
213,Ibtissam Azzaoui,Azzaoui Ibtissam,Ibtissam,Azzaoui,ابتسام عزاوي,Parti Authenticité et Modernité,PAM,حزب الأصالة والمعاصرة,National,Liste Nationale,2016-10-07,,,Ibtissam Azzaoui,10
214,Zakia Mrini,Mrini Zakia,Zakia,Mrini,زكية المريني,Parti Authenticité et Modernité,PAM,حزب الأصالة والمعاصرة,National,Liste Nationale,2016-10-07,,female,Zakia Mrini,10
215,Badia Filali,Filali Badia,Badia,Filali,بديعة القيلالي,Parti Authenticité et Modernité,PAM,حزب الأصالة والمعاصرة,National,Liste Nationale,2016-10-07,,female,Badia Filali,10
216,Fatima Saadi,Saadi Fatima,Fatima,Saadi,فاطمة سعدي,Parti Authenticité et Modernité,PAM,حزب الأصالة والمعاصرة,National,Liste Nationale,2016-10-07,,female,Fatima Saadi,10
217,Fatima Toussi,Toussi Fatima,Fatima,Toussi,فاطمة الطوسي,Parti Authenticité et Modernité,PAM,حزب الأصالة والمعاصرة,National,Liste Nationale,2016-10-07,,female,Fatima Toussi,10
218,Aicha Ait Heddou,Ait Heddou Aicha,Aicha,Ait Heddou,عائشة آيت حدو,Parti Authenticité et Modernité,PAM,حزب الأصالة والمعاصرة,National,Liste Nationale,2016-10-07,,female,Aicha Ait Heddou,10
219,Malika Khalil,Khalil Malika,Malika,Khalil,مالكة خليل,Parti Authenticité et Modernité,PAM,حزب الأصالة والمعاصرة,National,Liste Nationale,2016-10-07,,female,Malika Khalil,10
22,Mohamed Lachgar,Lachgar Mohamed,Mohamed,Lachgar,محمد لشكر,Parti de la Justice et du Développement,PJD,حزب العدالة والتنمية,CHTOUKA - AIT BAHA,CHTOUKA - AIT BAHA,2016-10-07,,,Mohamed Lachgar,10
220,Hayat Boufrachen,Boufrachen Hayat,Hayat,Boufrachen,حياة بوفراشن,Parti Authenticité et Modernité,PAM,حزب الأصالة والمعاصرة,National,Liste Nationale,2016-10-07,,female,Hayat Boufrachen,10
221,Meriem Alami,Alami Meriem,Meriem,Alami,مريم عالمي,Parti Authenticité et Modernité,PAM,حزب الأصالة والمعاصرة,National,Liste Nationale,2016-10-07,,female,Meriem Alami,10
222,Aziza Cheggaf,Cheggaf Aziza,Aziza,Cheggaf,عزيزة الشكاف,Parti Authenticité et Modernité,PAM,حزب الأصالة والمعاصرة,National,Liste Nationale,2016-10-07,,female,Aziza Cheggaf,10
223,Touria Faraj,Faraj Touria,Touria,Faraj,ثورية فراج,Parti Authenticité et Modernité,PAM,حزب الأصالة والمعاصرة,National,Liste Nationale,2016-10-07,,female,Touria Faraj,10
224,Mbarka Safa,Safa Mbarka,Mbarka,Safa,مباركة صفا,Parti Authenticité et Modernité,PAM,حزب الأصالة والمعاصرة,National,Liste Nationale,2016-10-07,,female,Mbarka Safa,10
225,Ghita Ait Ben Elmadani,Ait Ben Elmadani Ghita,Ghita,Ait Ben Elmadani,غيثة آيت بن المدني,Parti Authenticité et Modernité,PAM,حزب الأصالة والمعاصرة,National,Liste Nationale,2016-10-07,,female,Ghita Ait Ben Elmadani,10
226,Latifa El hamoud,El hamoud Latifa,Latifa,El hamoud,لطيفة الحمود,Parti Authenticité et Modernité,PAM,حزب الأصالة والمعاصرة,National,Liste Nationale,2016-10-07,,female,Latifa El hamoud,10
227,Hayat Elmechfoua,Elmechfoua Hayat,Hayat,Elmechfoua,حياة المشفوع,Parti Authenticité et Modernité,PAM,حزب الأصالة والمعاصرة,National,Liste Nationale,2016-10-07,,female,Hayat Elmechfoua,10
228,Noureddine Rafik,Rafik Noureddine,Noureddine,Rafik,نور الدين رفيق,Parti de l'Istiqlal,PI,حزب الاستقلال,NOUACEUR,NOUACEUR,2016-10-07,,,Noureddine Rafik,10
229,Zinelabidine Haouas,Haouas Zinelabidine,Zinelabidine,Haouas,زين العابدين حواص,Parti de l'Istiqlal,PI,حزب الاستقلال,BERRECHID,BERRECHID,2016-10-07,,,Zinelabidine Haouas,10
23,Mustapha Elkordi,Elkordi Mustapha,Mustapha,Elkordi,مصطفى الكردي,Parti de la Justice et du Développement,PJD,حزب العدالة والتنمية,TAROUDANNT CHAMALIA,TAROUDANNT,2016-10-07,,,Mustapha Elkordi,10
230,Abdellah Aboufaris,Aboufaris Abdellah,Abdellah,Aboufaris,عبد الله أبو فارس,Parti de l'Istiqlal,PI,حزب الاستقلال,SETTAT,SETTAT,2016-10-07,,,Abdellah Aboufaris,10
231,Mbarek Tarmounia,Tarmounia Mbarek,Mbarek,Tarmounia,امبارك الطرمونية,Parti de l'Istiqlal,PI,حزب الاستقلال,EL JADIDA,EL JADIDA,2016-10-07,,,Mbarek Tarmounia,10
232,Mohamed Krimen,Krimen Mohamed,Mohamed,Krimen,محمد كريمين,Parti de l'Istiqlal,PI,حزب الاستقلال,BENSLIMANE,BENSLIMANE,2016-10-07,,,Mohamed Krimen,10
233,Ahmed Toumi,Toumi Ahmed,Ahmed,Toumi,احمد التويمي,Parti de l'Istiqlal,PI,حزب الاستقلال,EL KELAA DES SRAGHNA,EL KELAA DES SRAGHNA,2016-10-07,,,Ahmed Toumi,10
234,Mohamed Elhafed,Elhafed Mohamed,Mohamed,Elhafed,محمد الحافظ,Parti de l'Istiqlal,PI,حزب الاستقلال,SIDI KACEM,SIDI KACEM,2016-10-07,,,Mohamed Elhafed,10
235,Nourdine Moudian,Moudian Nourdine,Nourdine,Moudian,نور الدين مضيان,Parti de l'Istiqlal,PI,حزب الاستقلال,ALHOUCEIMA,ALHOUCEIMA,2016-10-07,,,Nourdine Moudian,10
236,Ismail Bekkali,Bekkali Ismail,Ismail,Bekkali,اسماعيل البقالي,Parti de l'Istiqlal,PI,حزب الاستقلال,CHEFCHAOUEN,CHEFCHAOUEN,2016-10-07,,,Ismail Bekkali,10
237,Abdelaziz Lachhab,Lachhab Abdelaziz,Abdelaziz,Lachhab,عبد العزيز لشهب,Parti de l'Istiqlal,PI,حزب الاستقلال,OUEZZANE,OUEZZANE,2016-10-07,,,Abdelaziz Lachhab,10
238,Mohamed Idmoussa,Idmoussa Mohamed,Mohamed,Idmoussa,محمد إدموسى,Parti de l'Istiqlal,PI,حزب الاستقلال,AL HAOUZ,AL HAOUZ,2016-10-07,,,Mohamed Idmoussa,10
239,Hicham Saanan,Saanan Hicham,Hicham,Saanan,هشام سعنان,Parti de l'Istiqlal,PI,حزب الاستقلال,SAFI,SAFI,2016-10-07,,,Hicham Saanan,10
24,Brahim Boughden,Boughden Brahim,Brahim,Boughden,ابراهيم بوغضن,Parti de la Justice et du Développement,PJD,حزب العدالة والتنمية,TIZNIT,TIZNIT,2016-10-07,,,Brahim Boughden,10
240,Abdelghni Janah,Janah Abdelghni,Abdelghni,Janah,عبد الغني جناح,Parti de l'Istiqlal,PI,حزب الاستقلال,CHICHAOUA,CHICHAOUA,2016-10-07,,,Abdelghni Janah,10
241,Mohamed Belhassan,Belhassan Mohamed,Mohamed,Belhassan,محمد بلحسان,Parti de l'Istiqlal,PI,حزب الاستقلال,ERRACHIDIA,ERRACHIDIA,2016-10-07,,,Mohamed Belhassan,10
242,Lahcen Haddad,Haddad Lahcen,Lahcen,Haddad,لحسن حداد,Parti de l'Istiqlal,PI,حزب الاستقلال,KHOURIBGA,KHOURIBGA,2016-10-07,,,Lahcen Haddad,10
243,Abderahmane Khayyir,Khayyir Abderahmane,Abderahmane,Khayyir,عبد الرحمان خيير,Parti de l'Istiqlal,PI,حزب الاستقلال,BENI - MELLAL,BENI - MELLAL,2016-10-07,,,Abderahmane Khayyir,10
244,Saleh Oughbal,Oughbal Saleh,Saleh,Oughbal,صالح اوغبال,Parti de l'Istiqlal,PI,حزب الاستقلال,KHENIFRA,KHENIFRA,2016-10-07,,,Saleh Oughbal,10
245,Essalek Boulon,Boulon Essalek,Essalek,Boulon,السالك بولون,Parti de l'Istiqlal,PI,حزب الاستقلال,TAN - TAN,TAN - TAN,2016-10-07,,,Essalek Boulon,10
246,Moulay Hamdi Ould Rchid,Ould Rchid Moulay Hamdi,Moulay Hamdi,Ould Rchid,مولاي حمدي ولد الرشيد,Parti de l'Istiqlal,PI,حزب الاستقلال,LAAYOUNE,LAAYOUNE,2016-10-07,,,Moulay Hamdi Ould Rchid,10
247,Abdelaziz Aba,Aba Abdelaziz,Abdelaziz,Aba,عبد العزيز آبا,Parti de l'Istiqlal,PI,حزب الاستقلال,BOUJDOUR,BOUJDOUR,2016-10-07,,,Abdelaziz Aba,10
248,Sidi Hmed Chiguer,Chiguer Sidi Hmed,Sidi Hmed,Chiguer,سيدي حمد الشيكر,Parti de l'Istiqlal,PI,حزب الاستقلال,ES-SEMARA,ES-SEMARA,2016-10-07,,,Sidi Hmed Chiguer,10
249,Ali Jeghaoui,Jeghaoui Ali,Ali,Jeghaoui,علي جغاوي,Parti de l'Istiqlal,PI,حزب الاستقلال,GUERCIF,GUERCIF,2016-10-07,,,Ali Jeghaoui,10
25,Omar Fassi Fihri,Fassi Fihri Omar,Omar,Fassi Fihri,عمر فاسي فهري,Parti de la Justice et du Développement,PJD,حزب العدالة والتنمية,FES ACHAMALIA,FES,2016-10-07,,,Omar Fassi Fihri,10
250,Driss Jeddi,Jeddi Driss,Driss,Jeddi,إدريس جدي,Parti de l'Istiqlal,PI,حزب الاستقلال,TAOURIRT,TAOURIRT,2016-10-07,,,Driss Jeddi,10
251,Yassine Daghou,Daghou Yassine,Yassine,Daghou,ياسين دغو,Parti de l'Istiqlal,PI,حزب الاستقلال,JERADA,JERADA,2016-10-07,,,Yassine Daghou,10
252,Mohamed Bekkaoui,Bekkaoui Mohamed,Mohamed,Bekkaoui,محمد البكاوي,Parti de l'Istiqlal,PI,حزب الاستقلال,BERKANE,BERKANE,2016-10-07,,,Mohamed Bekkaoui,10
253,Elkbir Qada,Qada Elkbir,Elkbir,Qada,قادة الكبير,Parti de l'Istiqlal,PI,حزب الاستقلال,FIGUIG,FIGUIG,2016-10-07,,,Elkbir Qada,10
254,Ali Kayyouh,Kayyouh Ali,Ali,Kayyouh,علي قيوح,Parti de l'Istiqlal,PI,حزب الاستقلال,TAROUDANNT AL JANOUBIA,TAROUDANNT,2016-10-07,,,Ali Kayyouh,10
255,Elhoucine Azougagh,Azougagh Elhoucine,Elhoucine,Azougagh,حسين أزوكاغ,Parti de l'Istiqlal,PI,حزب الاستقلال,CHTOUKA - AIT BAHA,CHTOUKA - AIT BAHA,2016-10-07,,,Elhoucine Azougagh,10
256,Elhoucine Bouzehay,Bouzehay Elhoucine,Elhoucine,Bouzehay,الحسين بوزحاي,Parti de l'Istiqlal,PI,حزب الاستقلال,TATA,TATA,2016-10-07,,,Elhoucine Bouzehay,10
257,Hamid Chabat,Chabat Hamid,Hamid,Chabat,حميد شباط,Parti de l'Istiqlal,PI,حزب الاستقلال,FES ACHAMALIA,FES,2016-10-07,,,Hamid Chabat,10
258,Allal Elamroui,Elamroui Allal,Allal,Elamroui,علال العمروي,Parti de l'Istiqlal,PI,حزب الاستقلال,FES JANOUBIA,FES,2016-10-07,,,Allal Elamroui,10
259,Abdelouahed El Ansari,El Ansari Abdelouahed,Abdelouahed,El Ansari,عبد الواحد الأنصاري,Parti de l'Istiqlal,PI,حزب الاستقلال,MEKNES,MEKNES,2016-10-07,,,Abdelouahed El Ansari,10
26,Abdelouahed Bouhercha,Bouhercha Abdelouahed,Abdelouahed,Bouhercha,عبد الواحد بوحرشة,Parti de la Justice et du Développement,PJD,حزب العدالة والتنمية,FES ACHAMALIA,FES,2016-10-07,,,Abdelouahed Bouhercha,10
260,Youssef Hadhoum,Hadhoum Youssef,Youssef,Hadhoum,يوسف حدهم,Parti de l'Istiqlal,PI,حزب الاستقلال,EL HAJEB,EL HAJEB,2016-10-07,,,Youssef Hadhoum,10
261,Mfeddel Tahiri,Tahiri Mfeddel,Mfeddel,Tahiri,المفضل الطاهري,Parti de l'Istiqlal,PI,حزب الاستقلال,KARIA - GHAFSAI,TAOUNATE,2016-10-07,,,Mfeddel Tahiri,10
262,Mohamed Boudes,Boudes Mohamed,Mohamed,Boudes,محمد بوداس,Parti de l'Istiqlal,PI,حزب الاستقلال,TAZA,TAZA,2016-10-07,,,Mohamed Boudes,10
263,Saida Ait Bouali,Ait Bouali Saida,Saida,Ait Bouali,سعيدة آيت بوعلي,Parti de l'Istiqlal,PI,حزب الاستقلال,National,Liste Nationale,2016-10-07,,female,Saida Ait Bouali,10
264,Aziza Aba,Aba Aziza,Aziza,Aba,عزيزة أبا,Parti de l'Istiqlal,PI,حزب الاستقلال,National,Liste Nationale,2016-10-07,,female,Aziza Aba,10
265,Abla Bouzekri,Bouzekri Abla,Abla,Bouzekri,عبلة بوزكري,Parti de l'Istiqlal,PI,حزب الاستقلال,National,Liste Nationale,2016-10-07,,female,Abla Bouzekri,10
266,Imane Ben Rabiaa,Ben Rabiaa Imane,Imane,Ben Rabiaa,إيمان بن ربيعة,Parti de l'Istiqlal,PI,حزب الاستقلال,National,Liste Nationale,2016-10-07,,female,Imane Ben Rabiaa,10
267,Khadija Redouani,Redouani Khadija,Khadija,Redouani,خديجة رضواني,Parti de l'Istiqlal,PI,حزب الاستقلال,National,Liste Nationale,2016-10-07,,female,Khadija Redouani,10
268,Mounira Rahoui,Rahoui Mounira,Mounira,Rahoui,منيرة الرحوي,Parti de l'Istiqlal,PI,حزب الاستقلال,National,Liste Nationale,2016-10-07,,female,Mounira Rahoui,10
269,Rfia Mansouri,Mansouri Rfia,Rfia,Mansouri,رفيعة المنصوري,Parti de l'Istiqlal,PI,حزب الاستقلال,National,Liste Nationale,2016-10-07,,female,Rfia Mansouri,10
27,Driss El Azami El Idrissi,El Azami El Idrissi Driss,Driss,El Azami El Idrissi,إدريس الأزمي الإدريسي,Parti de la Justice et du Développement,PJD,حزب العدالة والتنمية,FES AL JANOUBIA,FES,2016-10-07,,,Driss El Azami El Idrissi,10
270,Cheikh Miyara,Miyara Cheikh,Cheikh,Miyara,الشيخ ميارة,Parti de l'Istiqlal,PI,حزب الاستقلال,National,Liste Nationale,2016-10-07,,,Cheikh Miyara,10
271,Omar Abbassi,Abbassi Omar,Omar,Abbassi,عمر عباسي,Parti de l'Istiqlal,PI,حزب الاستقلال,National,Liste Nationale,2016-10-07,,,Omar Abbassi,10
272,Naoufel Chabat,Chabat Naoufel,Naoufel,Chabat,نوفل شباط,Parti de l'Istiqlal,PI,حزب الاستقلال,National,Liste Nationale,2016-10-07,,,Naoufel Chabat,10
273,Abdelmjid Fassi,Fassi Abdelmjid,Abdelmjid,Fassi,عبد المجيد الفاسي,Parti de l'Istiqlal,PI,حزب الاستقلال,National,Liste Nationale,2016-10-07,,,Abdelmjid Fassi,10
274,Abdellah Messoudi,Messoudi Abdellah,Abdellah,Messoudi,عبدالله المسعودي,Rassemblement National des Indépendants,RNI,حزب التجمع الوطني للأحرار,AGADIR - IDA- OUTANANE,AGADIR - IDA- OUTANANE,2016-10-07,,,Abdellah Messoudi,10
275,Mohamed Bouhdoud,Bouhdoud Mohamed,Mohamed,Bouhdoud,محمد بوهدود,Rassemblement National des Indépendants,RNI,حزب التجمع الوطني للأحرار,TAROUDANNT AL JANOUBIA,TAROUDANNT,2016-10-07,,,Mohamed Bouhdoud,10
276,Hamid Elbehja,Elbehja Hamid,Hamid,Elbehja,حميد البهجة,Rassemblement National des Indépendants,RNI,حزب التجمع الوطني للأحرار,TAROUDANNT CHAMALIA,TAROUDANNT,2016-10-07,,,Hamid Elbehja,10
277,Mustapha Tadoumant,Tadoumant Mustapha,Mustapha,Tadoumant,مصطفى تضمانت,Rassemblement National des Indépendants,RNI,حزب التجمع الوطني للأحرار,TATA,TATA,2016-10-07,,,Mustapha Tadoumant,10
278,Abdellah Ghazi,Ghazi Abdellah,Abdellah,Ghazi,عبدالله الغازي,Rassemblement National des Indépendants,RNI,حزب التجمع الوطني للأحرار,TIZNIT,TIZNIT,2016-10-07,,,Abdellah Ghazi,10
279,Badr Tahiri,Tahiri Badr,Badr,Tahiri,بدر طاهري,Rassemblement National des Indépendants,RNI,حزب التجمع الوطني للأحرار,MEKNES,MEKNES,2016-10-07,,,Badr Tahiri,10
28,Mohamed Elharti,Elharti Mohamed,Mohamed,Elharti,محمد الحارثي,Parti de la Justice et du Développement,PJD,حزب العدالة والتنمية,FES AL JANOUBIA,FES,2016-10-07,,,Mohamed Elharti,10
280,Mohamed Abbou,Abbou Mohamed,Mohamed,Abbou,محمد عبو,Rassemblement National des Indépendants,RNI,حزب التجمع الوطني للأحرار,TAOUNATE - TISSA,TAOUNATE,2016-10-07,,,Mohamed Abbou,10
281,Rachid Elfayeq,Elfayeq Rachid,Rachid,Elfayeq,رشيد الفايق,Rassemblement National des Indépendants,RNI,حزب التجمع الوطني للأحرار,FES ALJANOUBIA,FES,2016-10-07,,,Rachid Elfayeq,10
282,Taoufik Kamil,Kamil Taoufik,Taoufik,Kamil,توفيق كميل,Rassemblement National des Indépendants,RNI,حزب التجمع الوطني للأحرار,BEN M'SICK,BEN M'SICK,2016-10-07,,,Taoufik Kamil,10
283,Hassan Benomar,Benomar Hassan,Hassan,Benomar,حسن بنعمر,Rassemblement National des Indépendants,RNI,حزب التجمع الوطني للأحرار,AIN SEBAA - HAY MOHAMMADI,AIN SEBAA - HAY MOHAMMADI,2016-10-07,,,Hassan Benomar,10
284,Mustapha Mansouri,Mansouri Mustapha,Mustapha,Mansouri,المصطفى المنصوري,Rassemblement National des Indépendants,RNI,حزب التجمع الوطني للأحرار,NADOR,NADOR,2016-10-07,,,Mustapha Mansouri,10
285,Abdellah Boukili,Boukili Abdellah,Abdellah,Boukili,عبدالله البوكيلي,Rassemblement National des Indépendants,RNI,حزب التجمع الوطني للأحرار,DRIOUCH,DRIOUCH,2016-10-07,,,Abdellah Boukili,10
286,Mbarka Bouaida,Bouaida Mbarka,Mbarka,Bouaida,مباركة بوعيدة,Rassemblement National des Indépendants,RNI,حزب التجمع الوطني للأحرار,GUELMIM,GUELMIM,2016-10-07,,,Mbarka Bouaida,10
287,Abdelkader Kendil,Kendil Abdelkader,Abdelkader,Kendil,عبدالقادر قنديل,Rassemblement National des Indépendants,RNI,حزب التجمع الوطني للأحرار,SIDI BENNOUR,SIDI BENNOUR,2016-10-07,,,Abdelkader Kendil,10
288,Saber Elkayyaf,Elkayyaf Saber,Saber,Elkayyaf,صابر الكياف,Rassemblement National des Indépendants,RNI,حزب التجمع الوطني للأحرار,BERRECHID,BERRECHID,2016-10-07,,,Saber Elkayyaf,10
289,Hassan Oukacha,Oukacha Hassan,Hassan,Oukacha,حسن عكاشة,Rassemblement National des Indépendants,RNI,حزب التجمع الوطني للأحرار,BENSLIMANE,BENSLIMANE,2016-10-07,,,Hassan Oukacha,10
29,Abdellah Bouanou,Bouanou Abdellah,Abdellah,Bouanou,عبد الله بوانو,Parti de la Justice et du Développement,PJD,حزب العدالة والتنمية,MEKNES,MEKNES,2016-10-07,,,Abdellah Bouanou,10
290,Noureddine Lazrek,Lazrek Noureddine,Noureddine,Lazrek,نورالدين الأزرق,Rassemblement National des Indépendants,RNI,حزب التجمع الوطني للأحرار,SALE - MEDINA,SALE,2016-10-07,,,Noureddine Lazrek,10
291,Bouselham Eddich,Eddich Bouselham,Bouselham,Eddich,بوسلهام الديش,Rassemblement National des Indépendants,RNI,حزب التجمع الوطني للأحرار,KENITRA,KENITRA,2016-10-07,,,Bouselham Eddich,10
292,Jaouad Gharib,Gharib Jaouad,Jaouad,Gharib,جواد غريب,Rassemblement National des Indépendants,RNI,حزب التجمع الوطني للأحرار,El GHARB,KENITRA,2016-10-07,,,Jaouad Gharib,10
293,Hassan Filali,Filali Hassan,Hassan,Filali,حسن الفيلالي,Rassemblement National des Indépendants,RNI,حزب التجمع الوطني للأحرار,TIFELT - ROMMANI,KHEMISSET,2016-10-07,,,Hassan Filali,10
294,Rachid Talbi Alami,Talbi Alami Rachid,Rachid,Talbi Alami,رشيد الطالبي العلمي,Rassemblement National des Indépendants,RNI,حزب التجمع الوطني للأحرار,TETOUAN,TETOUAN,2016-10-07,,,Rachid Talbi Alami,10
295,Hamid Elaarchi,Elaarchi Hamid,Hamid,Elaarchi,حميد العرشي,Rassemblement National des Indépendants,RNI,حزب التجمع الوطني للأحرار,KHOURIBGA,KHOURIBGA,2016-10-07,,,Hamid Elaarchi,10
296,Mustapha Reddad,Reddad Mustapha,Mustapha,Reddad,مصطفى الرداد,Rassemblement National des Indépendants,RNI,حزب التجمع الوطني للأحرار,BZOU - OUAOUIZEGHT,AZILAL,2016-10-07,,,Mustapha Reddad,10
297,Idar Anjar,Anjar Idar,Idar,Anjar,ايدار أنجار,Rassemblement National des Indépendants,RNI,حزب التجمع الوطني للأحرار,AL HAOUZ,AL HAOUZ,2016-10-07,,,Idar Anjar,10
298,Mustapha El Omari,El Omari Mustapha,Mustapha,El Omari,مصطفى العمري,Rassemblement National des Indépendants,RNI,حزب التجمع الوطني للأحرار,ERRACHIDIA,ERRACHIDIA,2016-10-07,,,Mustapha El Omari,10
299,Hmad Ait Baha,Ait Baha Hmad,Hmad,Ait Baha,حماد أيت باها,Rassemblement National des Indépendants,RNI,حزب التجمع الوطني للأحرار,ZAGORA,ZAGORA,2016-10-07,,,Hmad Ait Baha,10
3,Rachid Kabil,Kabil Rachid,Rachid,Kabil,رشيد القبيل,Parti de la Justice et du Développement,PJD,حزب العدالة والتنمية,AIN CHOK,AIN CHOK,2016-10-07,,,Rachid Kabil,10
30,Driss Skalli Adoui,Skalli Adoui Driss,Driss,Skalli Adoui,ادريس صقلي عدوي,Parti de la Justice et du Développement,PJD,حزب العدالة والتنمية,MEKNES,MEKNES,2016-10-07,,,Driss Skalli Adoui,10
300,Said Chbaatou,Chbaatou Said,Said,Chbaatou,سعيد اشباعتو,Rassemblement National des Indépendants,RNI,حزب التجمع الوطني للأحرار,MIDELT,MIDELT,2016-10-07,,,Said Chbaatou,10
301,Addi Khzou,Khzou Addi,Addi,Khzou,عدي خزو,Rassemblement National des Indépendants,RNI,حزب التجمع الوطني للأحرار,TINGHIR,TINGHIR,2016-10-07,,,Addi Khzou,10
302,Mustapha Baytas,Baytas Mustapha,Mustapha,Baytas,مصطفى بايتاس,Rassemblement National des Indépendants,RNI,حزب التجمع الوطني للأحرار,National,Liste Nationale,2016-10-07,,,Mustapha Baytas,10
303,Kamal El Omari,El Omari Kamal,Kamal,El Omari,كمال العمري,Rassemblement National des Indépendants,RNI,حزب التجمع الوطني للأحرار,National,Liste Nationale,2016-10-07,,,Kamal El Omari,10
304,Khaled Chennaq,Chennaq Khaled,Khaled,Chennaq,خالد الشناق,Rassemblement National des Indépendants,RNI,حزب التجمع الوطني للأحرار,National,Liste Nationale,2016-10-07,,,Khaled Chennaq,10
305,Naoual Moutawakkil,Moutawakkil Naoual,Naoual,Moutawakkil,نوال المتوكل,Rassemblement National des Indépendants,RNI,حزب التجمع الوطني للأحرار,National,Liste Nationale,2016-10-07,,female,Naoual Moutawakkil,10
306,Souria Ahl Hmad,Ahl Hmad Souria,Souria,Ahl Hmad,سورية أهل حماد,Rassemblement National des Indépendants,RNI,حزب التجمع الوطني للأحرار,National,Liste Nationale,2016-10-07,,female,Souria Ahl Hmad,10
307,Soumia Ouaallal,Ouaallal Soumia,Soumia,Ouaallal,سمية وعلال,Rassemblement National des Indépendants,RNI,حزب التجمع الوطني للأحرار,National,Liste Nationale,2016-10-07,,female,Soumia Ouaallal,10
308,Naima Zidane,Zidane Naima,Naima,Zidane,نعيمة زيدان,Rassemblement National des Indépendants,RNI,حزب التجمع الوطني للأحرار,National,Liste Nationale,2016-10-07,,female,Naima Zidane,10
309,Asmaa Ghlalou,Ghlalou Asmaa,Asmaa,Ghlalou,أسماء غلالو,Rassemblement National des Indépendants,RNI,حزب التجمع الوطني للأحرار,National,Liste Nationale,2016-10-07,,female,Asmaa Ghlalou,10
31,Driss Meskine,Meskine Driss,Driss,Meskine,إدريس مسكين,Parti de la Justice et du Développement,PJD,حزب العدالة والتنمية,SEFROU,SEFROU,2016-10-07,,,Driss Meskine,10
310,Ouafaa Elbekkali,Elbekkali Ouafaa,Ouafaa,Elbekkali,وفاء البقالي,Rassemblement National des Indépendants,RNI,حزب التجمع الوطني للأحرار,National,Liste Nationale,2016-10-07,,female,Ouafaa Elbekkali,10
311,Mohamed Elamine Didi,Didi Mohamed Elamine,Mohamed Elamine,Didi,محمد الأمين ديدي,Mouvement Populaire,MP,حزب الحركة الشعبية,DAKHLA,DAKHLA,2016-10-07,,,Mohamed Elamine Didi,10
312,Mohamed Fadili,Fadili Mohamed,Mohamed,Fadili,محمد فضلي,Mouvement Populaire,MP,حزب الحركة الشعبية,DRIOUCH,DRIOUCH,2016-10-07,,,Mohamed Fadili,10
313,Said Rahmouni,Rahmouni Said,Said,Rahmouni,سعيد الرحموني,Mouvement Populaire,MP,حزب الحركة الشعبية,NADOR,NADOR,2016-10-07,,,Said Rahmouni,10
314,Said Tadlaoui,Tadlaoui Said,Said,Tadlaoui,سعيد التدلاوي,Mouvement Populaire,MP,حزب الحركة الشعبية,MOHAMMADIA,MOHAMMADIA,2016-10-07,,,Said Tadlaoui,10
315,El Mustapha Mkhanter,Mkhanter El Mustapha,El Mustapha,Mkhanter,المصطفى المخنتر,Mouvement Populaire,MP,حزب الحركة الشعبية,EL JADIDA,EL JADIDA,2016-10-07,,,El Mustapha Mkhanter,10
316,Mohamed Lahmouch,Lahmouch Mohamed,Mohamed,Lahmouch,محمد لحموش,Mouvement Populaire,MP,حزب الحركة الشعبية,KHEMISSET - OULMES,KHEMISSET,2016-10-07,,,Mohamed Lahmouch,10
317,Mohamed Laaraj,Laaraj Mohamed,Mohamed,Laaraj,محمد الأعرج,Mouvement Populaire,MP,حزب الحركة الشعبية,ALHOUCEIMA,ALHOUCEIMA,2016-10-07,,,Mohamed Laaraj,10
318,Abderahmane Omari,Omari Abderahmane,Abderahmane,Omari,عبد الرحمان العمري,Mouvement Populaire,MP,حزب الحركة الشعبية,CHEFCHAOUEN,CHEFCHAOUEN,2016-10-07,,,Abderahmane Omari,10
319,Mohamed Simo,Simo Mohamed,Mohamed,Simo,محمد السيمو,Mouvement Populaire,MP,حزب الحركة الشعبية,LARACHE,LARACHE,2016-10-07,,,Mohamed Simo,10
32,Khalid El Boukarai,El Boukarai Khalid,Khalid,El Boukarai,خالد البوقرعي,Parti de la Justice et du Développement,PJD,حزب العدالة والتنمية,EL HAJEB,EL HAJEB,2016-10-07,,,Khalid El Boukarai,10
320,Adil Sbai,Sbai Adil,Adil,Sbai,عادل السباعي,Mouvement Populaire,MP,حزب الحركة الشعبية,SAFI,SAFI,2016-10-07,,,Adil Sbai,10
321,Rachid Bendriouch,Bendriouch Rachid,Rachid,Bendriouch,الرشيد بن الدريوش,Mouvement Populaire,MP,حزب الحركة الشعبية,GUELIZ - ANNAKHIL,MARRAKECH,2016-10-07,,,Rachid Bendriouch,10
322,Abdelkader Lebriki,Lebriki Abdelkader,Abdelkader,Lebriki,عبد القادر لبريكي,Mouvement Populaire,MP,حزب الحركة الشعبية,MEKNES,MEKNES,2016-10-07,,,Abdelkader Lebriki,10
323,Mohamed Ouzzine,Ouzzine Mohamed,Mohamed,Ouzzine,محمد أوزين,Mouvement Populaire,MP,حزب الحركة الشعبية,IFRANE,IFRANE,2016-10-07,,,Mohamed Ouzzine,10
324,Lahcen Sekkouri,Sekkouri Lahcen,Lahcen,Sekkouri,لحسن السكوري,Mouvement Populaire,MP,حزب الحركة الشعبية,SEFROU,SEFROU,2016-10-07,,,Lahcen Sekkouri,10
325,Hassan Lanser,Lanser Hassan,Hassan,Lanser,حسن العنصر,Mouvement Populaire,MP,حزب الحركة الشعبية,BOULEMANE,BOULEMANE,2016-10-07,,,Hassan Lanser,10
326,Abdelaziz Kouskous,Kouskous Abdelaziz,Abdelaziz,Kouskous,عبد العزيز كوسكوس,Mouvement Populaire,MP,حزب الحركة الشعبية,TAZA,TAZA,2016-10-07,,,Abdelaziz Kouskous,10
327,Essaid Ameskane,Ameskane Essaid,Essaid,Ameskane,السعيد أمسكان,Mouvement Populaire,MP,حزب الحركة الشعبية,OUARZAZATE,OUARZAZATE,2016-10-07,,,Essaid Ameskane,10
328,Hamid Ibrahimi,Ibrahimi Hamid,Hamid,Ibrahimi,حميد ابراهيمي,Mouvement Populaire,MP,حزب الحركة الشعبية,BENI - MELLAL,BENI - MELLAL,2016-10-07,,,Hamid Ibrahimi,10
329,Lahcen Ait Ichou,Ait Ichou Lahcen,Lahcen,Ait Ichou,لحسن آيت يشو,Mouvement Populaire,MP,حزب الحركة الشعبية,KHENIFRA,KHENIFRA,2016-10-07,,,Lahcen Ait Ichou,10
33,Mohamed Youssef,Youssef Mohamed,Mohamed,Youssef,محمد يوسف,Parti de la Justice et du Développement,PJD,حزب العدالة والتنمية,MOULAY YACOUB,MOULAY YACOUB,2016-10-07,,,Mohamed Youssef,10
330,Mohamed Moubdi,Moubdi Mohamed,Mohamed,Moubdi,محمد مبديع,Mouvement Populaire,MP,حزب الحركة الشعبية,FQUIH BEN SALAH,FQUIH BEN SALAH,2016-10-07,,,Mohamed Moubdi,10
331,Leila Ahkim,Ahkim Leila,Leila,Ahkim,ليلى احكيم,Mouvement Populaire,MP,حزب الحركة الشعبية,National,Liste Nationale,2016-10-07,,female,Leila Ahkim,10
332,Hakima Bel Qsaoui,Bel Qsaoui Hakima,Hakima,Bel Qsaoui,حكيمة بلقساوي,Mouvement Populaire,MP,حزب الحركة الشعبية,National,Liste Nationale,2016-10-07,,female,Hakima Bel Qsaoui,10
333,Fatima Ezzahra Nazih,Nazih Fatima Ezzahra,Fatima Ezzahra,Nazih,فاطمة الزهراء نزيه,Mouvement Populaire,MP,حزب الحركة الشعبية,National,Liste Nationale,2016-10-07,,female,Fatima Ezzahra Nazih,10
334,Loubna Tahiri,Tahiri Loubna,Loubna,Tahiri,لبنى طاهري,Mouvement Populaire,MP,حزب الحركة الشعبية,National,Liste Nationale,2016-10-07,,female,Loubna Tahiri,10
335,Ghita El Hatimi,El Hatimi Ghita,Ghita,El Hatimi,غيثة الحاتمي,Mouvement Populaire,MP,حزب الحركة الشعبية,National,Liste Nationale,2016-10-07,,female,Ghita El Hatimi,10
336,Abdelhakim El Ahmadi,El Ahmadi Abdelhakim,Abdelhakim,El Ahmadi,عبد الحكيم الأحمدي,Mouvement Populaire,MP,حزب الحركة الشعبية,National,Liste Nationale,2016-10-07,,,Abdelhakim El Ahmadi,10
337,Kamal Laafou,Laafou Kamal,Kamal,Laafou,كمال لعفو,Mouvement Populaire,MP,حزب الحركة الشعبية,National,Liste Nationale,2016-10-07,,,Kamal Laafou,10
338,Ali Amniouel,Amniouel Ali,Ali,Amniouel,علي إمنيول,Parti du Progrès et du Socialisme,PPS,حزب التقدم والاشتراكية,M'DIQ-FNIDEQ,M'DIQ-FNIDEQ,2016-10-07,,,Ali Amniouel,10
339,Mohamed Larbi Ahnine,Ahnine Mohamed Larbi,Mohamed Larbi,Ahnine,محمد العربي إحنين,Parti du Progrès et du Socialisme,PPS,حزب التقدم والاشتراكية,TETOUAN,TETOUAN,2016-10-07,,,Mohamed Larbi Ahnine,10
34,Nourdine Qchibel,Qchibel Nourdine,Nourdine,Qchibel,نور الدين قشيبل,Parti de la Justice et du Développement,PJD,حزب العدالة والتنمية,KARIA - GHAFSAI,TAOUNATE,2016-10-07,,,Nourdine Qchibel,10
340,Abdellah Idrissi Bouzidi,Idrissi Bouzidi Abdellah,Abdellah,Idrissi Bouzidi,عبد الله الإدريسي البوزيدي,Parti du Progrès et du Socialisme,PPS,حزب التقدم والاشتراكية,TAOUNATE - TISSA,TAOUNATE,2016-10-07,,,Abdellah Idrissi Bouzidi,10
341,Ahmed Elghazoui,Elghazoui Ahmed,Ahmed,Elghazoui,أحمد الغزوي,Parti du Progrès et du Socialisme,PPS,حزب التقدم والاشتراكية,SIDI KACEM,SIDI KACEM,2016-10-07,,,Ahmed Elghazoui,10
342,EL Habib Houssaini,Houssaini EL Habib,EL Habib,Houssaini,الحبيب حسيني,Parti du Progrès et du Socialisme,PPS,حزب التقدم والاشتراكية,KHEMISSET - OULMES,KHEMISSET,2016-10-07,,,EL Habib Houssaini,10
343,Said Nmili,Nmili Said,Said,Nmili,سعيد إنميلي,Parti du Progrès et du Socialisme,PPS,حزب التقدم والاشتراكية,SETTAT,SETTAT,2016-10-07,,,Said Nmili,10
344,Said Idbaali,Idbaali Said,Said,Idbaali,سعيد إدبعلي,Parti du Progrès et du Socialisme,PPS,حزب التقدم والاشتراكية,ESSAOUIRA,ESSAOUIRA,2016-10-07,,,Said Idbaali,10
345,Aicha Leblaq,Leblaq Aicha,Aicha,Leblaq,عائشة البلق,Parti du Progrès et du Socialisme,PPS,حزب التقدم والاشتراكية,National,Liste Nationale,2016-10-07,,female,Aicha Leblaq,10
346,Touria Skalli,Skalli Touria,Touria,Skalli,ثرية الصقلي,Parti du Progrès et du Socialisme,PPS,حزب التقدم والاشتراكية,National,Liste Nationale,2016-10-07,,female,Touria Skalli,10
347,Souad Zaydi,Zaydi Souad,Souad,Zaydi,سعاد الزايدي,Parti du Progrès et du Socialisme,PPS,حزب التقدم والاشتراكية,National,Liste Nationale,2016-10-07,,female,Souad Zaydi,10
348,Jamal Benchekroun Krimi,Benchekroun Krimi Jamal,Jamal,Benchekroun Krimi,جمال كريمي بنشقرون,Parti du Progrès et du Socialisme,PPS,حزب التقدم والاشتراكية,National,Liste Nationale,2016-10-07,,,Jamal Benchekroun Krimi,10
349,Fatima Ezzahra Bersat,Bersat Fatima Ezzahra,Fatima Ezzahra,Bersat,فاطمة الزهراء برصات,Parti du Progrès et du Socialisme,PPS,حزب التقدم والاشتراكية,National,Liste Nationale,2016-10-07,,,Fatima Ezzahra Bersat,10
35,Jamal Messaoudi,Messaoudi Jamal,Jamal,Messaoudi,جمال المسعودي,Parti de la Justice et du Développement,PJD,حزب العدالة والتنمية,TAZA,TAZA,2016-10-07,,,Jamal Messaoudi,10
350,Mohamed Nacer,Nacer Mohamed,Mohamed,Nacer,محمد ناصر,Parti de l'Union Constitutionnelle,UC,حزب الاتحاد الدستوري,TAOURIRT,TAOURIRT,2016-10-07,,,Mohamed Nacer,10
351,Mohamed Joudar,Joudar Mohamed,Mohamed,Joudar,محمد جودار,Parti de l'Union Constitutionnelle,UC,حزب الاتحاد الدستوري,BEN M'SICK,BEN M'SICK,2016-10-07,,,Mohamed Joudar,10
352,Driss Qechal,Qechal Driss,Driss,Qechal,ادريس قشال,Parti de l'Union Constitutionnelle,UC,حزب الاتحاد الدستوري,MEKNES,MEKNES,2016-10-07,,,Driss Qechal,10
353,Redouane Mohaddab,Mohaddab Redouane,Redouane,Mohaddab,رضوان مهذب,Parti de l'Union Constitutionnelle,UC,حزب الاتحاد الدستوري,EL JADIDA,EL JADIDA,2016-10-07,,,Redouane Mohaddab,10
354,Abdellatif Mirdass,Mirdass Abdellatif,Abdellatif,Mirdass,عبداللطيف ميرداس,Parti de l'Union Constitutionnelle,UC,حزب الاتحاد الدستوري,SETTAT,SETTAT,2016-10-07,,,Abdellatif Mirdass,10
355,Belassal Chaoui,Chaoui Belassal,Belassal,Chaoui,الشاوي بالعسال,Parti de l'Union Constitutionnelle,UC,حزب الاتحاد الدستوري,El GHARB,KENITRA,2016-10-07,,,Belassal Chaoui,10
356,Yassine Erradi,Erradi Yassine,Yassine,Erradi,ياسين الراضي,Parti de l'Union Constitutionnelle,UC,حزب الاتحاد الدستوري,SIDI SLIMANE,SIDI SLIMANE,2016-10-07,,,Yassine Erradi,10
357,Hassan Aarif,Aarif Hassan,Hassan,Aarif,حسن عاريف,Parti de l'Union Constitutionnelle,UC,حزب الاتحاد الدستوري,SKHIRATE - TEMARA,SKHIRATE - TEMARA,2016-10-07,,,Hassan Aarif,10
358,Abderahmane Harfi,Harfi Abderahmane,Abderahmane,Harfi,عبد الرحمان حرفي,Parti de l'Union Constitutionnelle,UC,حزب الاتحاد الدستوري,SIDI KACEM,SIDI KACEM,2016-10-07,,,Abderahmane Harfi,10
359,Abdellah Alaoui,Alaoui Abdellah,Abdellah,Alaoui,عبدالله العلوي,Parti de l'Union Constitutionnelle,UC,حزب الاتحاد الدستوري,CHEFCHAOUEN,CHEFCHAOUEN,2016-10-07,,,Abdellah Alaoui,10
36,Abdellah Hennaoui,Hennaoui Abdellah,Abdellah,Hennaoui,عبد الله هناوي,Parti de la Justice et du Développement,PJD,حزب العدالة والتنمية,ERRACHIDIA,ERRACHIDIA,2016-10-07,,,Abdellah Hennaoui,10
360,Mohamed Zemmouri,Zemmouri Mohamed,Mohamed,Zemmouri,محمد الزموري,Parti de l'Union Constitutionnelle,UC,حزب الاتحاد الدستوري,TANGER-ASSILAH,TANGER-ASSILAH,2016-10-07,,,Mohamed Zemmouri,10
361,Hachem Amine Chafik,Chafik Hachem Amine,Hachem Amine,Chafik,هاشم أمين الشفيق,Parti de l'Union Constitutionnelle,UC,حزب الاتحاد الدستوري,MEDIOUNA,MEDIOUNA,2016-10-07,,,Hachem Amine Chafik,10
362,Abdelaziz Ouadki,Ouadki Abdelaziz,Abdelaziz,Ouadki,عبدالعزيز الودكي,Parti de l'Union Constitutionnelle,UC,حزب الاتحاد الدستوري,LARACHE,LARACHE,2016-10-07,,,Abdelaziz Ouadki,10
363,Mohamed Zekrani,Zekrani Mohamed,Mohamed,Zekrani,محمد زكراني,Parti de l'Union Constitutionnelle,UC,حزب الاتحاد الدستوري,KHOURIBGA,KHOURIBGA,2016-10-07,,,Mohamed Zekrani,10
364,Mouloud Bourkayou,Bourkayou Mouloud,Mouloud,Bourkayou,مولود بركايو,Parti de l'Union Constitutionnelle,UC,حزب الاتحاد الدستوري,BZOU - OUAOUIZEGHT,AZILAL,2016-10-07,,,Mouloud Bourkayou,10
365,Khadija Ziyani,Ziyani Khadija,Khadija,Ziyani,خديجة الزياني,Parti de l'Union Constitutionnelle,UC,حزب الاتحاد الدستوري,National,Liste Nationale,2016-10-07,,female,Khadija Ziyani,10
366,Ghizlane Merzouki,Merzouki Ghizlane,Ghizlane,Merzouki,غزلان مرزوقي,Parti de l'Union Constitutionnelle,UC,حزب الاتحاد الدستوري,National,Liste Nationale,2016-10-07,,female,Ghizlane Merzouki,10
367,Hajar Elmaski,Elmaski Hajar,Hajar,Elmaski,هاجر المسقي,Parti de l'Union Constitutionnelle,UC,حزب الاتحاد الدستوري,National,Liste Nationale,2016-10-07,,female,Hajar Elmaski,10
368,Karim Chaoui,Chaoui Karim,Karim,Chaoui,كريم شاوي,Parti de l'Union Constitutionnelle,UC,حزب الاتحاد الدستوري,National,Liste Nationale,2016-10-07,,,Karim Chaoui,10
369,Elhabib Elmalki,Elmalki Elhabib,Elhabib,Elmalki,الحبيب المالكي,Union Socialiste des Forces Populaires,USFP,حزب الاتحاد الاشتراكي للقوات الشعبية,KHOURIBGA,KHOURIBGA,2016-10-07,,,Elhabib Elmalki,10
37,Lahcen Ouaari,Ouaari Lahcen,Lahcen,Ouaari,لحسن واعري,Parti de la Justice et du Développement,PJD,حزب العدالة والتنمية,ZAGORA,ZAGORA,2016-10-07,,,Lahcen Ouaari,10
370,Bahloul Rachid,Rachid Bahloul,Bahloul,Rachid,رشيد البهلول,Union Socialiste des Forces Populaires,USFP,حزب الاتحاد الاشتراكي للقوات الشعبية,SETTAT,SETTAT,2016-10-07,,,Bahloul Rachid,10
371,Mohamed Zahraoui,Zahraoui Mohamed,Mohamed,Zahraoui,محمد الزهراوي,Union Socialiste des Forces Populaires,USFP,حزب الاتحاد الاشتراكي للقوات الشعبية,EL JADIDA,EL JADIDA,2016-10-07,,,Mohamed Zahraoui,10
372,Abdelwahad Radi,Radi Abdelwahad,Abdelwahad,Radi,عبد الواحد الراضي,Union Socialiste des Forces Populaires,USFP,حزب الاتحاد الاشتراكي للقوات الشعبية,SIDI SLIMANE,SIDI SLIMANE,2016-10-07,,,Abdelwahad Radi,10
373,Mohamed Melahi,Melahi Mohamed,Mohamed,Melahi,محمد الملاحي,Union Socialiste des Forces Populaires,USFP,حزب الاتحاد الاشتراكي للقوات الشعبية,TETOUAN,TETOUAN,2016-10-07,,,Mohamed Melahi,10
374,Mohamed Ahouit,Ahouit Mohamed,Mohamed,Ahouit,محمد أحويط,Union Socialiste des Forces Populaires,USFP,حزب الاتحاد الاشتراكي للقوات الشعبية,OUEZZANE,OUEZZANE,2016-10-07,,,Mohamed Ahouit,10
375,Mohamed Mellal,Mellal Mohamed,Mohamed,Mellal,محمد ملال,Union Socialiste des Forces Populaires,USFP,حزب الاتحاد الاشتراكي للقوات الشعبية,ESSAOUIRA,ESSAOUIRA,2016-10-07,,,Mohamed Mellal,10
376,Driss Chtibi,Chtibi Driss,Driss,Chtibi,ادريس اشطيبي,Union Socialiste des Forces Populaires,USFP,حزب الاتحاد الاشتراكي للقوات الشعبية,SEFROU,SEFROU,2016-10-07,,,Driss Chtibi,10
377,Mohamed Belafkih,Belafkih Mohamed,Mohamed,Belafkih,محمد بلفقيه,Union Socialiste des Forces Populaires,USFP,حزب الاتحاد الاشتراكي للقوات الشعبية,SIDI IFNI,SIDI IFNI,2016-10-07,,,Mohamed Belafkih,10
378,Nabil Sabri,Sabri Nabil,Nabil,Sabri,نبيل صبري,Union Socialiste des Forces Populaires,USFP,حزب الاتحاد الاشتراكي للقوات الشعبية,KHENIFRA,KHENIFRA,2016-10-07,,,Nabil Sabri,10
379,Mohamed Elhabib Nazoumi,Nazoumi Mohamed Elhabib,Mohamed Elhabib,Nazoumi,محمد الحبيب نازومي,Union Socialiste des Forces Populaires,USFP,حزب الاتحاد الاشتراكي للقوات الشعبية,GUELMIM,GUELMIM,2016-10-07,,,Mohamed Elhabib Nazoumi,10
38,Omar Ahmine,Ahmine Omar,Omar,Ahmine,عمر احمين,Parti de la Justice et du Développement,PJD,حزب العدالة والتنمية,MIDELT,MIDELT,2016-10-07,,,Omar Ahmine,10
380,Hamdi Ouaissi,Ouaissi Hamdi,Hamdi,Ouaissi,حمدي ويسي,Union Socialiste des Forces Populaires,USFP,حزب الاتحاد الاشتراكي للقوات الشعبية,ASSA - ZAG,ASSA - ZAG,2016-10-07,,,Hamdi Ouaissi,10
381,Abdelfettah Ahl Elmekki,Ahl Elmekki Abdelfettah,Abdelfettah,Ahl Elmekki,عبد الفتاح أهل المكي,Union Socialiste des Forces Populaires,USFP,حزب الاتحاد الاشتراكي للقوات الشعبية,AOUSSERD,AOUSSERD,2016-10-07,,,Abdelfettah Ahl Elmekki,10
382,Cherkaoui Znaydi,Znaydi Cherkaoui,Cherkaoui,Znaydi,الشرقاوي الزنايدي,Union Socialiste des Forces Populaires,USFP,حزب الاتحاد الاشتراكي للقوات الشعبية,FQUIH BEN SALAH,FQUIH BEN SALAH,2016-10-07,,,Cherkaoui Znaydi,10
383,Hanane Rihab,Rihab Hanane,Hanane,Rihab,حنان رحاب,Union Socialiste des Forces Populaires,USFP,حزب الاتحاد الاشتراكي للقوات الشعبية,National,Liste Nationale,2016-10-07,,,Hanane Rihab,10
384,Cheqran Imam,Imam Cheqran,Cheqran,Imam,إمام شقران,Union Socialiste des Forces Populaires,USFP,حزب الاتحاد الاشتراكي للقوات الشعبية,National,Liste Nationale,2016-10-07,,,Cheqran Imam,10
385,Ibtissam Meras,Meras Ibtissam,Ibtissam,Meras,ابتسام مراس,Union Socialiste des Forces Populaires,USFP,حزب الاتحاد الاشتراكي للقوات الشعبية,National,Liste Nationale,2016-10-07,,female,Ibtissam Meras,10
386,Mina Talbi,Talbi Mina,Mina,Talbi,مينة الطالبي,Union Socialiste des Forces Populaires,USFP,حزب الاتحاد الاشتراكي للقوات الشعبية,National,Liste Nationale,2016-10-07,,female,Mina Talbi,10
387,Fatiha Sedas,Sedas Fatiha,Fatiha,Sedas,فتيحة سداس,Union Socialiste des Forces Populaires,USFP,حزب الاتحاد الاشتراكي للقوات الشعبية,National,Liste Nationale,2016-10-07,,female,Fatiha Sedas,10
388,Saadia Bensahli,Bensahli Saadia,Saadia,Bensahli,السعدية بن سهلي,Union Socialiste des Forces Populaires,USFP,حزب الاتحاد الاشتراكي للقوات الشعبية,National,Liste Nationale,2016-10-07,,female,Saadia Bensahli,10
389,Abdessamad Archane,Archane Abdessamad,Abdessamad,Archane,عبد الصمد عرشان,Mouvement Démocratique et Social,MDS,حزب الحركة الديمقراطية الاجتماعية,TIFELT - ROMMANI,KHEMISSET,2016-10-07,,,Abdessamad Archane,10
39,Essaid Essadeq,Essadeq Essaid,Essaid,Essadeq,السعيد الصادق,Parti de la Justice et du Développement,PJD,حزب العدالة والتنمية,OUARZAZATE,OUARZAZATE,2016-10-07,,,Essaid Essadeq,10
390,Touhami Elmaski,Elmaski Touhami,Touhami,Elmaski,التهامي المسقي,Mouvement Démocratique et Social,MDS,حزب الحركة الديمقراطية الاجتماعية,SAFI,SAFI,2016-10-07,,,Touhami Elmaski,10
391,Mohamed Amghar,Amghar Mohamed,Mohamed,Amghar,أحمد أمغار,Mouvement Démocratique et Social,MDS,حزب الحركة الديمقراطية الاجتماعية,TAZA,TAZA,2016-10-07,,,Mohamed Amghar,10
392,Mustapha Chennaoui,Chennaoui Mustapha,Mustapha,Chennaoui,مصطفى شناوي,La Fédération de la gauche démocratique,FGD,فيدرالية اليسار الديمقراطي,CASABLANCA - ANFA,CASABLANCA - ANFA,2016-10-07,,,Mustapha Chennaoui,10
393,Omar Balafrej,Balafrej Omar,Omar,Balafrej,عمر بلافريج,La Fédération de la gauche démocratique,FGD,فيدرالية اليسار الديمقراطي,RABAT- MOUHET,RABAT,2016-10-07,,,Omar Balafrej,10
394,Abderrazzak Nait Idbou,Nait Idbou Abderrazzak,Abderrazzak,Nait Idbou,عبد الرزاق نايت ادبو,Parti de l'Unité et de la Démocratie,PUD,حزب الوحدة والديمقراطية,AZILAL - DEMNATE,AZILAL,2016-10-07,,,Abderrazzak Nait Idbou,10
395,Amr Ouiddi,Ouiddi Amr,Amr,Ouiddi,عمر ودي,Parti de la Gauche Verte marocain,PGVM,حزب اليسار الأخضر المغربي,ERRACHIDIA,ERRACHIDIA,2016-10-07,,,Amr Ouiddi,10
4,Abdellatif Naciri,Naciri Abdellatif,Abdellatif,Naciri,عبد اللطيف الناصري,Parti de la Justice et du Développement,PJD,حزب العدالة والتنمية,AIN CHOK,AIN CHOK,2016-10-07,,,Abdellatif Naciri,10
40,Ahmed Sidki,Sidki Ahmed,Ahmed,Sidki,أحمد صدقي,Parti de la Justice et du Développement,PJD,حزب العدالة والتنمية,TINGHIR,TINGHIR,2016-10-07,,,Ahmed Sidki,10
41,Cherki Ghoulmi,Ghoulmi Cherki,Cherki,Ghoulmi,الشرقي الغلمي,Parti de la Justice et du Développement,PJD,حزب العدالة والتنمية,KHOURIBGA,KHOURIBGA,2016-10-07,,,Cherki Ghoulmi,10
42,Lahcen Daoudi,Daoudi Lahcen,Lahcen,Daoudi,لحسن الداودي,Parti de la Justice et du Développement,PJD,حزب العدالة والتنمية,BENI - MELLAL,BENI - MELLAL,2016-10-07,,,Lahcen Daoudi,10
43,Mohamed Merzouk,Merzouk Mohamed,Mohamed,Merzouk,محمد مرزوق,Parti de la Justice et du Développement,PJD,حزب العدالة والتنمية,BENI - MELLAL,BENI - MELLAL,2016-10-07,,,Mohamed Merzouk,10
44,Khaled Tkoukin,Tkoukin Khaled,Khaled,Tkoukin,خالد تيكوكين,Parti de la Justice et du Développement,PJD,حزب العدالة والتنمية,AZILAL - DEMNATE,AZILAL,2016-10-07,,,Khaled Tkoukin,10
45,Bouabid Lbida,Lbida Bouabid,Bouabid,Lbida,بوعبيد لبيدة,Parti de la Justice et du Développement,PJD,حزب العدالة والتنمية,FQUIH BEN SALAH,FQUIH BEN SALAH,2016-10-07,,,Bouabid Lbida,10
46,Brahim Daif,Daif Brahim,Brahim,Daif,ابراهيم الضعيف,Parti de la Justice et du Développement,PJD,حزب العدالة والتنمية,LAAYOUNE,LAAYOUNE,2016-10-07,,,Brahim Daif,10
47,Ali Rezma,Rezma Ali,Ali,Rezma,علي الرزمة,Parti de la Justice et du Développement,PJD,حزب العدالة والتنمية,TARFAYA,TARFAYA,2016-10-07,,,Ali Rezma,10
48,Omar Boumriss,Boumriss Omar,Omar,Boumriss,عمر بومريس,Parti de la Justice et du Développement,PJD,حزب العدالة والتنمية,SIDI IFNI,SIDI IFNI,2016-10-07,,,Omar Boumriss,10
49,Azzouha Elarrak,Elarrak Azzouha,Azzouha,Elarrak,العراك عزها,Parti de la Justice et du Développement,PJD,حزب العدالة والتنمية,DAKHLA,DAKHLA,2016-10-07,,,Azzouha Elarrak,10
5,Mustapha Elhaya,Elhaya Mustapha,Mustapha,Elhaya,مصطفى الحيا,Parti de la Justice et du Développement,PJD,حزب العدالة والتنمية,MOULAY RACHID,MOULAY RACHID,2016-10-07,,,Mustapha Elhaya,10
50,Abdellah Hamel,Hamel Abdellah,Abdellah,Hamel,عبدالله هامل,Parti de la Justice et du Développement,PJD,حزب العدالة والتنمية,OUJDA-ANJAD,OUJDA-ANJAD,2016-10-07,,,Abdellah Hamel,10
51,Mohamed Elotmani,Elotmani Mohamed,Mohamed,Elotmani,محمد عثماني,Parti de la Justice et du Développement,PJD,حزب العدالة والتنمية,OUJDA-ANJAD,OUJDA-ANJAD,2016-10-07,,,Mohamed Elotmani,10
52,Farouk Tahiri,Tahiri Farouk,Farouk,Tahiri,فاروق الطاهيري,Parti de la Justice et du Développement,PJD,حزب العدالة والتنمية,NADOR,NADOR,2016-10-07,,,Farouk Tahiri,10
53,Mustapha El Qori,El Qori Mustapha,Mustapha,El Qori,مصطفى القوري,Parti de la Justice et du Développement,PJD,حزب العدالة والتنمية,BERKANE,BERKANE,2016-10-07,,,Mustapha El Qori,10
54,Mustapha Ziti,Ziti Mustapha,Mustapha,Ziti,مصطفى زيتي,Parti de la Justice et du Développement,PJD,حزب العدالة والتنمية,FIGUIG,FIGUIG,2016-10-07,,,Mustapha Ziti,10
55,Abdellatif Rachid,Rachid Abdellatif,Abdellatif,Rachid,رشيد عبداللطيف,Parti de la Justice et du Développement,PJD,حزب العدالة والتنمية,NOUACEUR,NOUACEUR,2016-10-07,,,Abdellatif Rachid,10
56,Mohamed Bouchnif,Bouchnif Mohamed,Mohamed,Bouchnif,محمد بوشنيف,Parti de la Justice et du Développement,PJD,حزب العدالة والتنمية,BERRECHID,BERRECHID,2016-10-07,,,Mohamed Bouchnif,10
57,Saadeddine Othmani,Othmani Saadeddine,Saadeddine,Othmani,سعد الدين العثماني,Parti de la Justice et du Développement,PJD,حزب العدالة والتنمية,MOHAMMADIA,MOHAMMADIA,2016-10-07,,,Saadeddine Othmani,10
58,Mustapha Elkhalfi,Elkhalfi Mustapha,Mustapha,Elkhalfi,مصطفى الخلفي,Parti de la Justice et du Développement,PJD,حزب العدالة والتنمية,SIDI BENNOUR,SIDI BENNOUR,2016-10-07,,,Mustapha Elkhalfi,10
59,Hassan Elharis,Elharis Hassan,Hassan,Elharis,حسن الحارس,Parti de la Justice et du Développement,PJD,حزب العدالة والتنمية,SETTAT,SETTAT,2016-10-07,,,Hassan Elharis,10
6,Mohamed Maayit,Maayit Mohamed,Mohamed,Maayit,محمد معايط,Parti de la Justice et du Développement,PJD,حزب العدالة والتنمية,MOULAY RACHID,MOULAY RACHID,2016-10-07,,,Mohamed Maayit,10
60,Mohamed Benjelloul,Benjelloul Mohamed,Mohamed,Benjelloul,محمد بنجلول,Parti de la Justice et du Développement,PJD,حزب العدالة والتنمية,BENSLIMANE,BENSLIMANE,2016-10-07,,,Mohamed Benjelloul,10
61,Abouzaid El Mokrie El Idrissi,El Mokrie El Idrissi Abouzaid,Abouzaid,El Mokrie El Idrissi,أبو زيد المقرئ الإدريسي,Parti de la Justice et du Développement,PJD,حزب العدالة والتنمية,EL JADIDA,EL JADIDA,2016-10-07,,,Abouzaid El Mokrie El Idrissi,10
62,Mohamed Seddiki,Seddiki Mohamed,Mohamed,Seddiki,محمد صديقي,Parti de la Justice et du Développement,PJD,حزب العدالة والتنمية,RABAT- MOUHET,RABAT,2016-10-07,,,Mohamed Seddiki,10
63,Abdellatif Benyaacoub,Benyaacoub Abdellatif,Abdellatif,Benyaacoub,عبداللطيف بن يعقوب,Parti de la Justice et du Développement,PJD,حزب العدالة والتنمية,RABAT- MOUHET,RABAT,2016-10-07,,,Abdellatif Benyaacoub,10
64,Soulaimane Amrani,Amrani Soulaimane,Soulaimane,Amrani,سليمان العمراني,Parti de la Justice et du Développement,PJD,حزب العدالة والتنمية,RABAT - CHELLAH,RABAT,2016-10-07,,,Soulaimane Amrani,10
65,Abderrahim Elkerraa,Elkerraa Abderrahim,Abderrahim,Elkerraa,عبدالرحيم لقراع,Parti de la Justice et du Développement,PJD,حزب العدالة والتنمية,RABAT - CHELLAH,RABAT,2016-10-07,,,Abderrahim Elkerraa,10
66,Mohamed Zouitene,Zouitene Mohamed,Mohamed,Zouitene,محمد الزويتن,Parti de la Justice et du Développement,PJD,حزب العدالة والتنمية,SALE - MEDINA,SALE,2016-10-07,,,Mohamed Zouitene,10
67,Jamaa Moatassim,Moatassim Jamaa,Jamaa,Moatassim,جامع المعتصم,Parti de la Justice et du Développement,PJD,حزب العدالة والتنمية,SALE - MEDINA,SALE,2016-10-07,,,Jamaa Moatassim,10
68,Abdelkader Amara,Amara Abdelkader,Abdelkader,Amara,عبدالقادر عمارة,Parti de la Justice et du Développement,PJD,حزب العدالة والتنمية,SALE AL JADIDA,SALE,2016-10-07,,,Abdelkader Amara,10
69,Youssef Gharbi,Gharbi Youssef,Youssef,Gharbi,يوسف غربي,Parti de la Justice et du Développement,PJD,حزب العدالة والتنمية,SALE AL JADIDA,SALE,2016-10-07,,,Youssef Gharbi,10
7,Abdelmjid Joubij,Joubij Abdelmjid,Abdelmjid,Joubij,عبد المجيد جوبيح,Parti de la Justice et du Développement,PJD,حزب العدالة والتنمية,BEN M'SICK,BEN M'SICK,2016-10-07,,,Abdelmjid Joubij,10
70,Aziz Rebbah,Rebbah Aziz,Aziz,Rebbah,عزيز رباح,Parti de la Justice et du Développement,PJD,حزب العدالة والتنمية,KENITRA,KENITRA,2016-10-07,,,Aziz Rebbah,10
71,Mustapha Ibrahimi,Ibrahimi Mustapha,Mustapha,Ibrahimi,محمد الإبراهيمي,Parti de la Justice et du Développement,PJD,حزب العدالة والتنمية,KENITRA,KENITRA,2016-10-07,,,Mustapha Ibrahimi,10
72,Sidi Hassan Behraoui,Behraoui Sidi Hassan,Sidi Hassan,Behraoui,سيدي حسن البحراوي,Parti de la Justice et du Développement,PJD,حزب العدالة والتنمية,El GHARB,KENITRA,2016-10-07,,,Sidi Hassan Behraoui,10
73,Moh Rejdali,Rejdali Moh,Moh,Rejdali,موحى الرجدالي,Parti de la Justice et du Développement,PJD,حزب العدالة والتنمية,SKHIRATE - TEMARA,SKHIRATE - TEMARA,2016-10-07,,,Moh Rejdali,10
74,Abdelaziz El Ayed,El Ayed Abdelaziz,Abdelaziz,El Ayed,عبد العزيز العايض,Parti de la Justice et du Développement,PJD,حزب العدالة والتنمية,SKHIRATE - TEMARA,SKHIRATE - TEMARA,2016-10-07,,,Abdelaziz El Ayed,10
75,Ahmed Elhiqi,Elhiqi Ahmed,Ahmed,Elhiqi,أحمد الهيقي,Parti de la Justice et du Développement,PJD,حزب العدالة والتنمية,SIDI KACEM,SIDI KACEM,2016-10-07,,,Ahmed Elhiqi,10
76,Mohamed Idaomar,Idaomar Mohamed,Mohamed,Idaomar,محمد إدعمار,Parti de la Justice et du Développement,PJD,حزب العدالة والتنمية,TETOUAN,TETOUAN,2016-10-07,,,Mohamed Idaomar,10
77,Mohamed Najib Boulif,Najib Boulif Mohamed,Mohamed,Najib Boulif,محمد نجيب بوليف,Parti de la Justice et du Développement,PJD,حزب العدالة والتنمية,TANGER-ASSILAH,TANGER-ASSILAH,2016-10-07,,,Mohamed Najib Boulif,10
78,Samir Abdelmoula,Abdelmoula Samir,Samir,Abdelmoula,سمير عبدالمولى,Parti de la Justice et du Développement,PJD,حزب العدالة والتنمية,TANGER-ASSILAH,TANGER-ASSILAH,2016-10-07,,,Samir Abdelmoula,10
79,Mohamed Khayyi El Khamlichi,Khayyi El Khamlichi Mohamed,Mohamed,Khayyi El Khamlichi,محمد خيي الخمليشي,Parti de la Justice et du Développement,PJD,حزب العدالة والتنمية,TANGER-ASSILAH,TANGER-ASSILAH,2016-10-07,,,Mohamed Khayyi El Khamlichi,10
8,Amina Maelainine,Maelainine Amina,Amina,Maelainine,أمينة ماء العينين,Parti de la Justice et du Développement,PJD,حزب العدالة والتنمية,HAY HASSANI,HAY HASSANI,2016-10-07,,,Amina Maelainine,10
80,Mohamed Hamdaoui,Hamdaoui Mohamed,Mohamed,Hamdaoui,محمد الحمداوي,Parti de la Justice et du Développement,PJD,حزب العدالة والتنمية,LARACHE,LARACHE,2016-10-07,,,Mohamed Hamdaoui,10
81,Mohamed Qarrouq,Qarrouq Mohamed,Mohamed,Qarrouq,محمد قروق,Parti de la Justice et du Développement,PJD,حزب العدالة والتنمية,M'DIQ-FNIDEQ,M'DIQ-FNIDEQ,2016-10-07,,,Mohamed Qarrouq,10
82,Souad Boulaych Hejraoui,Boulaych Hejraoui Souad,Souad,Boulaych Hejraoui,سعاد بولعيش الحجراوي,Parti de la Justice et du Développement,PJD,حزب العدالة والتنمية,FAHS-ANJRA,FAHS-ANJRA,2016-10-07,,,Souad Boulaych Hejraoui,10
83,Youssef Ait lhaj Lahcen,Ait lhaj Lahcen Youssef,Youssef,Ait lhaj Lahcen,يوسف آيت الحاج لحسن,Parti de la Justice et du Développement,PJD,حزب العدالة والتنمية,GUELIZ - ANNAKHIL,MARRAKECH,2016-10-07,,,Youssef Ait lhaj Lahcen,10
84,Mohamed Larbi Belcaid,Larbi Belcaid Mohamed,Mohamed,Larbi Belcaid,محمد العربي بلقايد,Parti de la Justice et du Développement,PJD,حزب العدالة والتنمية,MENARA,MARRAKECH,2016-10-07,,,Mohamed Larbi Belcaid,10
85,Mohamed Toufla,Toufla Mohamed,Mohamed,Toufla,محمد توفلة,Parti de la Justice et du Développement,PJD,حزب العدالة والتنمية,MENARA,MARRAKECH,2016-10-07,,,Mohamed Toufla,10
86,Younes Benslimane,Benslimane Younes,Younes,Benslimane,يونس بنسليمان,Parti de la Justice et du Développement,PJD,حزب العدالة والتنمية,EL MEDINA - SIDI YOUSSEF BEN ALI,MARRAKECH,2016-10-07,,,Younes Benslimane,10
87,Moulay Elbachir Toba,Toba Moulay Elbachir,Moulay Elbachir,Toba,مولاي البشير طوبا,Parti de la Justice et du Développement,PJD,حزب العدالة والتنمية,EL MEDINA - SIDI YOUSSEF BEN ALI,MARRAKECH,2016-10-07,,,Moulay Elbachir Toba,10
88,Mourad Lkourch,Lkourch Mourad,Mourad,Lkourch,مراد الكرش,Parti de la Justice et du Développement,PJD,حزب العدالة والتنمية,AL HAOUZ,AL HAOUZ,2016-10-07,,,Mourad Lkourch,10
89,Belid Aaloulal,Aaloulal Belid,Belid,Aaloulal,بلعيد أعولال,Parti de la Justice et du Développement,PJD,حزب العدالة والتنمية,EL KELAA DES SRAGHNA,EL KELAA DES SRAGHNA,2016-10-07,,,Belid Aaloulal,10
9,Ahmed Jedar,Jedar Ahmed,Ahmed,Jedar,أحمد جدار,Parti de la Justice et du Développement,PJD,حزب العدالة والتنمية,HAY HASSANI,HAY HASSANI,2016-10-07,,,Ahmed Jedar,10
90,Mouluod Mehria,Mehria Mouluod,Mouluod,Mehria,مولود مهرية,Parti de la Justice et du Développement,PJD,حزب العدالة والتنمية,YOUSSOUFIA,YOUSSOUFIA,2016-10-07,,,Mouluod Mehria,10
91,Driss Temri,Temri Driss,Driss,Temri,إدريس الثمري,Parti de la Justice et du Développement,PJD,حزب العدالة والتنمية,SAFI,SAFI,2016-10-07,,,Driss Temri,10
92,Hassan Adili,Adili Hassan,Hassan,Adili,حسن العديلي,Parti de la Justice et du Développement,PJD,حزب العدالة والتنمية,SAFI,SAFI,2016-10-07,,,Hassan Adili,10
93,Hamza Soufi,Soufi Hamza,Hamza,Soufi,حمزة الصوفي,Parti de la Justice et du Développement,PJD,حزب العدالة والتنمية,CHICHAOUA,CHICHAOUA,2016-10-07,,,Hamza Soufi,10
94,Abdelkhaled Elbasri,Elbasri Abdelkhaled,Abdelkhaled,Elbasri,عبد الخاليد البصري,Parti de la Justice et du Développement,PJD,حزب العدالة والتنمية,REHAMNA,REHAMNA,2016-10-07,,,Abdelkhaled Elbasri,10
95,Abdellatif Elaaidi,Elaaidi Abdellatif,Abdellatif,Elaaidi,عبداللطيف العيدي,Parti de la Justice et du Développement,PJD,حزب العدالة والتنمية,ESSAOUIRA,ESSAOUIRA,2016-10-07,,,Abdellatif Elaaidi,10
96,Ahmed Rachidi,Rachidi Ahmed,Ahmed,Rachidi,احمد رشيدي,Parti de la Justice et du Développement,PJD,حزب العدالة والتنمية,IFRANE,IFRANE,2016-10-07,,,Ahmed Rachidi,10
97,Mohamed Drissi,Drissi Mohamed,Mohamed,Drissi,محمد دريسي,Parti de la Justice et du Développement,PJD,حزب العدالة والتنمية,BOULEMANE,BOULEMANE,2016-10-07,,,Mohamed Drissi,10
98,Mohamed Hefiani,Hefiani Mohamed,Mohamed,Hefiani,محمد الحفياني,Parti de la Justice et du Développement,PJD,حزب العدالة والتنمية,SIDI SLIMANE,SIDI SLIMANE,2016-10-07,,,Mohamed Hefiani,10
99,Mohamed Taouil,Taouil Mohamed,Mohamed,Taouil,محمد الطويل,Parti de la Justice et du Développement,PJD,حزب العدالة والتنمية,National,Liste Nationale,2016-10-07,,,Mohamed Taouil,10
