id,name,sort_name,email,twitter,facebook,group,group_id,area_id,area,chamber,term,start_date,end_date,image,gender,wikidata
4e20b542-250c-4e46-b83f-f1da0913a95f,Adalbert Hudak,Hudak!,,,,CSU,csu,area/bayern,Bayern,Bundestag,5,,,,male,Q347391
a2a9b185-e101-4a1a-bebb-a0ab850fa5bf,Adolf Arndt,"Arndt, Adolf!",,,,SPD,spd,area/nordrhein-westfalen,Nordrhein-Westfalen,Bundestag,5,,,,male,Q90819
129605cb-4ce8-412a-a152-e22c21263730,Adolf Feuring,Feuring!,,,,SPD,spd,area/nordrhein-westfalen,Nordrhein-Westfalen,Bundestag,5,1967-01-02,,,male,Q361531
8be7bb9c-ad9e-4e3c-88ce-a067509c07ec,Adolf Mauk,Mauk!,,,,FDP,fdp,area/baden-württemberg,Baden-Württemberg,Bundestag,5,,,,male,Q363351
c371060d-ced3-4dc6-bf0e-48acd83f8d1d,Adolf Müller,"Muller, Adolf!",,,,CDU,cdu,area/nordrhein-westfalen,Nordrhein-Westfalen,Bundestag,5,,,"https://upload.wikimedia.org/wikipedia/commons/a/ab/Bundesarchiv_B_145_Bild-F054632-0019,_Ludwigshafen,_CDU-Bundesparteitag.jpg",male,Q363453
41cf84b8-a02e-42f1-a70a-c0a613e6c8ad,Adolf Müller-Emmert,Mulleremmert!,,,,SPD,spd,area/rheinland-pfalz,Rheinland-Pfalz,Bundestag,5,,,,male,Q363451
c2726cc5-0ba4-426a-bcad-ac963e669aee,Adolf Süsterhenn,Susterhenn!,,,,CDU,cdu,area/rheinland-pfalz,Rheinland-Pfalz,Bundestag,5,,,"https://upload.wikimedia.org/wikipedia/commons/1/12/Bundesarchiv_Bild_183-2008-0505-500,_Adolf_Süsterhenn.jpg",male,Q364351
b06095df-0746-4707-a0bf-0c582e871c1e,Aenne Brauksiepe,Brauksiepe!,,,,CDU,cdu,area/nordrhein-westfalen,Nordrhein-Westfalen,Bundestag,5,,,"https://upload.wikimedia.org/wikipedia/commons/c/c0/Bundesarchiv_B_145_Bild-F029560-0027,_Essen,_CDU-Bundestagswahlkongress,_Brauksiepe.jpg",female,Q272663
e15d4879-2e79-4270-a3cf-939effa45c02,Agnes Katharina Maxsein,Maxsein!,,,,CDU,cdu,area/berlin,Berlin,Bundestag,5,,,,female,Q394563
90d0a0c6-a2ab-4553-8b78-b105946b750d,Albert Burger,Burger!,,,,CDU,cdu,area/baden-württemberg,Baden-Württemberg,Bundestag,5,,,"https://upload.wikimedia.org/wikipedia/commons/4/4d/KAS-Burger,_Albert-Bild-14590-1.jpg",male,Q1372487
9269b3f8-0475-446f-ab33-b228f48253c1,Albert Leicht,Leicht!,,,,CDU,cdu,area/rheinland-pfalz,Rheinland-Pfalz,Bundestag,5,,,"https://upload.wikimedia.org/wikipedia/commons/9/95/KAS-Leicht,_Albert-Bild-2549-1.jpg",male,Q1584525
4bf69c77-1262-4d3f-8f47-fd1cb3b6e7ad,Albert Tönjes,Tonjes!,,,,SPD,spd,area/nordrhein-westfalen,Nordrhein-Westfalen,Bundestag,5,,,,male,Q2638929
2cc196f9-3530-4fe2-ac61-c115fc3f5b8f,Albrecht Haas,Haas!,,,,FDP,fdp,area/bayern,Bayern,Bundestag,5,,,,male,Q2639810
d7b509ee-1b3a-435a-9b4f-1a8d130ddefa,Albrecht Schlee,Schlee!,,,,CSU,csu,area/bayern,Bayern,Bundestag,5,,,,male,Q2639952
66ce1718-3e3a-4446-95c7-d6e3ee8f697e,Alex Hösl,Hosl!,,,,CSU,csu,area/bayern,Bayern,Bundestag,5,,,,male,Q1525110
964b7b5a-63f2-49e0-bb53-ee76dfac37cc,Alex Möller,"Möller, Alex",,,,SPD,spd,area/baden-württemberg,Baden-Württemberg,Bundestag,5,,,"https://upload.wikimedia.org/wikipedia/commons/c/c5/Bundesarchiv_B_145_Bild-F039419-0010,_Hannover,_SPD-Bundesparteitag,_Möller.jpg",male,Q76293
50e6cd27-5b15-48c2-8309-529d4548507c,Alexander Elbrächter,Elbrachter!,,,,CDU,cdu,area/niedersachsen,Niedersachsen,Bundestag,5,,,,male,Q2642019
aa60d456-7c03-4661-9eb4-3ff4104a6050,Alexander Menne,Menne!,,,,FDP,fdp,area/hessen,Hessen,Bundestag,5,,,,male,Q1700284
4b05f55e-29b3-4343-9d7f-3a7a9ddb29c1,Alfons Bayerl,Bayerl!,,,,SPD,spd,area/bayern,Bayern,Bundestag,5,1967-10-27,,,male,Q2644315
ed7cb569-bd89-49f0-a2b9-1dd8361f625c,Alfred Burgemeister,Burgemeister!,,,,CDU,cdu,area/niedersachsen,Niedersachsen,Bundestag,5,,,"https://upload.wikimedia.org/wikipedia/commons/1/15/KAS-Burgemeister,_Alfred-Bild-3002-2.jpg",male,Q2644777
53ab05d5-4f87-4d40-9802-c8f0397e2718,Alfred Nann,Nann!,,,,SPD,spd,area/baden-württemberg,Baden-Württemberg,Bundestag,5,1969-02-17,,,male,Q2645563
dd534962-6f16-48cc-b30c-c0cfc6503ced,Alfred Ollesch,Ollesch!,,,,FDP,fdp,area/nordrhein-westfalen,Nordrhein-Westfalen,Bundestag,5,,,,male,Q2645612
3aeea521-6598-47e2-859e-5336afc24fa9,Alo Hauser,"Hauser, Alo!",,,,CDU,cdu,area/nordrhein-westfalen,Nordrhein-Westfalen,Bundestag,5,,,"https://upload.wikimedia.org/wikipedia/commons/5/57/KAS-Hauser,_Alo-Bild-1404-1.jpg",male,Q2649849
b009a8f3-ab37-494d-bce3-3cedf9c8b5ea,Alois Niederalt,Niederalt!,,,,CSU,csu,area/bayern,Bayern,Bundestag,5,,,"https://upload.wikimedia.org/wikipedia/commons/7/73/Bundesarchiv_B_145_Bild-F023552-0020,_Bonn,_Empfang_in_der_Landesvertretung_Hamburg.jpg",male,Q95849
20cf0c64-e0b7-476f-85c9-8cadd35ece12,Alois Rainer,Rainer!,,,516782058376475,CSU,csu,area/bayern,Bayern,Bundestag,5,,,,male,Q2650401
3284662d-b1ae-4541-b4c9-ff7fbe3fa1f6,Alois Strohmayr,Strohmayr!,,,,SPD,spd,area/bayern,Bayern,Bundestag,5,,,,male,Q2650478
27eafec5-27a6-446d-b4c5-dd83acdd5b6f,Aloys Lenz,"Lenz, Aloys!",,,,CDU,cdu,area/nordrhein-westfalen,Nordrhein-Westfalen,Bundestag,5,,,,male,Q2650653
16cb5557-9990-4e7e-92c3-fa6ff82ec82d,Alphons Horten,Horten!,,,,CDU,cdu,area/nordrhein-westfalen,Nordrhein-Westfalen,Bundestag,5,,,"https://upload.wikimedia.org/wikipedia/commons/3/3f/Bundesarchiv_B_145_Bild-F064648-0009,_Bonn,_Ludwig-Erhard-Stiftung,_Auszeichnung.jpg",male,Q2651032
d06d2972-9ff8-4d19-b951-2341eccef7b0,Alwin Brück,Bruck,,,,SPD,spd,area/saarland,Saarland,Bundestag,5,,,"https://upload.wikimedia.org/wikipedia/commons/d/df/Bundesarchiv_B_145_Bild-F048640-0022,_Dortmund,_SPD-Parteitag,_Alwin_Brück.jpg",male,Q449806
029dbcb8-5c1b-4803-8a79-244bdb3b934b,Alwin Kulawig,"Kulawig, Alwin",,,,SPD,spd,area/saarland,Saarland,Bundestag,5,,,,male,Q449839
a3b5def7-632c-4f12-8e2c-85271aa3a7b3,Andreas Baltes,Baltes!,,,,SPD,spd,area/saarland,Saarland,Bundestag,5,1967-12-15,,,male,Q112216
28499a96-623d-4d92-9cbc-20a723bd076e,Anna Mönikes,Monikes!,,,,CDU,cdu,area/rheinland-pfalz,Rheinland-Pfalz,Bundestag,5,1967-10-12,,,female,Q562615
50586fc2-f936-4c7b-beb2-e67d85f02acc,Annemarie Griesinger,Griesinger!,,,,CDU,cdu,area/baden-württemberg,Baden-Württemberg,Bundestag,5,,,https://upload.wikimedia.org/wikipedia/commons/9/91/Griesinger_Annemarie.JPG,female,Q566280
4a8f4522-5fd6-4ab6-aea2-798304d4170f,Annemarie Renger,Renger,,,,SPD,spd,area/schleswig-holstein,Schleswig-Holstein,Bundestag,5,,,"https://upload.wikimedia.org/wikipedia/commons/8/8d/Bundesarchiv_B_145_Bild-F039419-0012,_Hannover,_SPD-Bundesparteitag,_Renger.jpg",female,Q66138
a19f81a2-d075-4709-b88d-576c44fdd312,Anton Besold,Besold!,,,,CSU,csu,area/bayern,Bayern,Bundestag,5,,,,male,Q96979
87d84fa0-e536-45ac-8957-0ead80f94a56,Anton Hilbert,Hilbert!,,,,CDU,cdu,area/baden-württemberg,Baden-Württemberg,Bundestag,5,,,"https://upload.wikimedia.org/wikipedia/commons/2/2f/KAS-Hilbert,_Anton-Bild-1953-1.jpg",male,Q590284
d32c578a-bc0d-4f81-b08d-13aef8848d34,Anton Ott,Ott!,,,,CSU,csu,area/bayern,Bayern,Bundestag,5,,,,male,Q592320
ed9431b9-f501-4c46-afd3-8057e3ea97fe,Anton Stark,Stark,,,,CDU,cdu,area/baden-württemberg,Baden-Württemberg,Bundestag,5,,,,male,Q594423
f8e970a0-2412-42b2-8daf-c3ffc96bde62,Arthur Enk,Enk!,,,,CDU,cdu,area/niedersachsen,Niedersachsen,Bundestag,5,,,,male,Q709249
e8eaf137-6c18-462c-ac2d-d5b75341bb83,Arthur Killat,Killat!,,,,SPD,spd,area/nordrhein-westfalen,Nordrhein-Westfalen,Bundestag,5,,,,male,Q710144
9074478d-e296-4bd2-9fd6-9cf0b6b6648c,Artur Missbach,Missbach!,,,,CDU,cdu,area/niedersachsen,Niedersachsen,Bundestag,5,,,"https://upload.wikimedia.org/wikipedia/commons/1/13/KAS-Missbach,_Artur-Bild-2531-1.jpg",male,Q714665
297e3e2a-c772-4c95-9da7-c18f36708602,Arved Deringer,Deringer!,,,,CDU,cdu,area/baden-württemberg,Baden-Württemberg,Bundestag,5,,,https://upload.wikimedia.org/wikipedia/commons/8/88/KAS-Ohne_Ort-Bild-591-1.jpg,male,Q100304
40115b0b-3b06-4ddf-bf36-2039310ecfdf,August Berberich,Berberich!,,,,CDU,cdu,area/baden-württemberg,Baden-Württemberg,Bundestag,5,,,,male,Q760918
70869aef-e27b-4448-ac33-bee96902eb95,August Berlin,Berlin!,,,,SPD,spd,area/nordrhein-westfalen,Nordrhein-Westfalen,Bundestag,5,,,,male,Q110914
34630871-3adf-4e7f-a90e-3a32c59fd248,August Hanz,Hanz!,,,,CDU,cdu,area/rheinland-pfalz,Rheinland-Pfalz,Bundestag,5,,,"https://upload.wikimedia.org/wikipedia/commons/9/9c/KAS-Hanz,_August-Bild-6896-1.jpg",male,Q761629
111f6ee4-8197-4470-af8d-b8f6007fa84c,August Weimer,Weimer!,,,,CDU,cdu,area/hessen,Hessen,Bundestag,5,,,,male,Q764451
688f1b84-c61c-46c7-886a-4c956c225826,Benno Erhard,Erhard!,,,,CDU,cdu,area/hessen,Hessen,Bundestag,5,,,"https://upload.wikimedia.org/wikipedia/commons/d/d6/KAS-Erhard,_Benno-Bild-2808-1.jpg",male,Q817923
51c45668-0581-4130-87f0-56830f3e1a2b,Bernhard Balkenhol,Balkenhol!,,,,CDU,cdu,area/nordrhein-westfalen,Nordrhein-Westfalen,Bundestag,5,,,"https://upload.wikimedia.org/wikipedia/commons/c/cc/KAS-Balkenhol,_Bernhard-Bild-484-1.jpg",male,Q824724
fa50e8e2-e70e-46b8-9130-ac0cd8093ac9,Bernhard Bauknecht,Bauknecht!,,,,CDU,cdu,area/baden-württemberg,Baden-Württemberg,Bundestag,5,,,"https://upload.wikimedia.org/wikipedia/commons/a/a4/KAS-Bauknecht,_Bernhard-Bild-14317-1.jpg",male,Q824734
82eb3b9e-4675-424f-a97c-899557b02909,Bernhard Mühlhan,Muhlhan!,,,,FDP,fdp,area/niedersachsen,Niedersachsen,Bundestag,5,,,,male,Q825657
a7a89450-88a2-4e78-8b2e-69c993eccaab,Bernhard Vogel,"Vogel, Bernhard!",,,,CDU,cdu,area/rheinland-pfalz,Rheinland-Pfalz,Bundestag,5,,1967-07-17,https://upload.wikimedia.org/wikipedia/commons/b/bb/Bernhard_Vogel_in_Duesseldorf_2009.jpg,male,Q74268
8779cb0f-cf78-4d0e-8b7f-a503f8e48303,Bernhard Winkelheide,Winkelheide!,,,,CDU,cdu,area/nordrhein-westfalen,Nordrhein-Westfalen,Bundestag,5,,,"https://upload.wikimedia.org/wikipedia/commons/2/22/KAS-Winkelheide,_Bernhard-Bild-411-1.jpg",male,Q826172
943e72d5-bbab-4af1-931a-7805a0785d01,Bert Even,Even!,,,,CDU,cdu,area/nordrhein-westfalen,Nordrhein-Westfalen,Bundestag,5,,,,male,Q827351
ec2c89ef-7d3c-4304-9234-c962661068fa,Berthold Martin,"Martin, Berthold",,,,CDU,cdu,area/hessen,Hessen,Bundestag,5,,,"https://upload.wikimedia.org/wikipedia/commons/8/87/KAS-Martin,_Berthold-Bild-1063-1.jpg",male,Q827992
cbc84202-d4b7-4d39-abec-318baffee63d,Botho Prinz zu Sayn-Wittgenstein-Hohenstein,Sayn!,,,,CDU,cdu,area/nordrhein-westfalen,Nordrhein-Westfalen,Bundestag,5,,,https://upload.wikimedia.org/wikipedia/commons/2/21/Botho_Prinz_zu_Sayn-Wittgenstein-Hohenstein.jpg,male,Q75893
65aa4c3b-d6eb-4abc-a4b7-ceb78fa8e301,Brigitte Freyh,Freyh!,,,,SPD,spd,area/hessen,Hessen,Bundestag,5,,,,female,Q916269
dd9dfc2c-3f19-4302-b114-d4db447e6371,Bruno Diekmann,Diekmann!,,,,SPD,spd,area/schleswig-holstein,Schleswig-Holstein,Bundestag,5,,,,male,Q85828
4ae97800-77d4-42cd-944b-39d51001a5d3,Bruno Heck,"Heck, Bruno",,,,CDU,cdu,area/baden-württemberg,Baden-Württemberg,Bundestag,5,,,https://upload.wikimedia.org/wikipedia/commons/e/e7/Bruno_Heck.jpg,male,Q316603
c1c9de8c-b56a-4daf-8ca0-e6918923c46e,Bruno Wiefel,Wiefel!,,,,SPD,spd,area/nordrhein-westfalen,Nordrhein-Westfalen,Bundestag,5,,,,male,Q993943
d91cdf14-8211-4da2-b468-35d10167a5a5,Burkhard Ritz,Ritz!,,,,CDU,cdu,area/niedersachsen,Niedersachsen,Bundestag,5,,,"https://upload.wikimedia.org/wikipedia/commons/9/94/KAS-Ritz,_Burkhard-Bild-36336-1.jpg",male,Q1016490
966c3a1a-de19-4991-957b-094c34ba37b2,Carl Damm,Damm!,,,,CDU,cdu,area/hamburg,Hamburg,Bundestag,5,,,"https://upload.wikimedia.org/wikipedia/commons/9/9c/KAS-Damm,_Carl-Bild-1693-1.jpg",male,Q1037437
1ce40246-359c-4694-b5b3-5bf307ee57d4,Carl Hesberg,Hesberg!,,,,CDU,cdu,area/nordrhein-westfalen,Nordrhein-Westfalen,Bundestag,5,,,,male,Q1038818
bd342d6c-1514-41df-a4e6-7ed24d5cb75f,Carl Otto Lenz,Lenz!,,,,CDU,cdu,area/hessen,Hessen,Bundestag,5,,,"https://upload.wikimedia.org/wikipedia/commons/0/06/KAS-Lenz,_Carl_Otto-Bild-715-1.jpg",male,Q105119
4a23f823-bd19-4093-8d78-719e29b93661,Carl Reinhard,Reinhard!,,,,CDU,cdu,area/hessen,Hessen,Bundestag,5,,,,male,Q1040180
e7480ff2-ad7f-428b-8684-77e361a61ed8,Carlo Graaff,"Graaff, Carlo",,,,FDP,fdp,area/niedersachsen,Niedersachsen,Bundestag,5,,,,male,Q1042184
1526b273-7caa-410b-a2de-65dafa61c2a6,Carlo Schmid,Schmid!,,,,SPD,spd,area/baden-württemberg,Baden-Württemberg,Bundestag,5,,,https://upload.wikimedia.org/wikipedia/commons/b/b9/Carlo_Schmid_(1963).jpg,male,Q67511
25693cbd-7316-4588-8dca-d4073f8956f9,Christa Schroeder,"Schroeder, Christa",,,,CDU,cdu,area/nordrhein-westfalen,Nordrhein-Westfalen,Bundestag,5,,,,female,Q996538
30b3af7a-253b-4ba2-ad43-4b5ea044ef3b,Claus Arndt,"Arndt, Claus",,,,SPD,spd,area/hamburg,Hamburg,Bundestag,5,1968-06-04,,https://upload.wikimedia.org/wikipedia/commons/5/50/ClausArndt.jpg,male,Q1098411
40e5ee5a-a880-427e-85e1-0c6905a9fad1,Clemens Riedel,Riedel!,,,,CDU,cdu,area/hessen,Hessen,Bundestag,5,,,,male,Q1100066
4f1d3db6-2aa5-432b-87b7-59731d5aa379,Detlef Haase,"Haase, Detlef",,,,SPD,spd,area/schleswig-holstein,Schleswig-Holstein,Bundestag,5,,,,male,Q1201257
0181cb37-3b32-4798-99d3-8f39c548a5bf,Detlef Struve,Struve!,,,,CDU,cdu,area/schleswig-holstein,Schleswig-Holstein,Bundestag,5,,,,male,Q1201370
df26bd3a-a67c-4199-91df-8d1c2c1ba23e,Dietrich Rollmann,"Rollmann, Dietrich",,,,CDU,cdu,area/hamburg,Hamburg,Bundestag,5,,,"https://upload.wikimedia.org/wikipedia/commons/8/86/Bundesarchiv_B_145_Bild-F041440-0034,_Hamburg,_CDU-Bundesparteitag,_Rollmann.jpg",male,Q1223996
82e4bff7-c50d-49bb-bae5-6cf01e65816d,Dora Lösche,Losche!,,,,SPD,spd,area/berlin,Berlin,Bundestag,5,1966-07-29,,,female,Q1243627
f8a331a4-41d2-46ea-a563-627a0ab1bbff,Eberhard Brünen,Brunen!,,,,SPD,spd,area/nordrhein-westfalen,Nordrhein-Westfalen,Bundestag,5,,,,male,Q1278893
f9539340-8938-4df8-a278-1b1245f1d24f,Edelhard Rock,Rock!,,,,CDU,cdu,area/niedersachsen,Niedersachsen,Bundestag,5,,,,male,Q1283271
449b933a-9314-44d2-9f66-0be5fc28be69,Edeltraud Kuchtner,Kuchtner!,,,,CSU,csu,area/bayern,Bayern,Bundestag,5,,,,female,Q1283418
be9ac98a-2c2e-45e9-9f63-55cd5d17f8ce,Edith Krappe,Krappe!,,,,SPD,spd,area/berlin,Berlin,Bundestag,5,,,,female,Q1285045
80c6bedd-864b-497c-b660-77e813fb5a06,Edmund Leukert,Leukert!,,,,CSU,csu,area/bayern,Bayern,Bundestag,5,,,,male,Q1286586
4a884cbe-ea0a-4643-b936-904a089ad625,Edmund Sinn,Sinn!,,,,CDU,cdu,area/nordrhein-westfalen,Nordrhein-Westfalen,Bundestag,5,,,,male,Q1286834
4baba39f-af96-4b2c-8ca6-1b7bfdfe2684,Eduard Adorno,Adorno!,,,,CDU,cdu,area/baden-württemberg,Baden-Württemberg,Bundestag,5,,,"https://upload.wikimedia.org/wikipedia/commons/7/77/KAS-Adorno,_Eduard-Bild-649-1.jpg",male,Q1287863
e24840ac-d72d-4b59-8be4-e0b5e82d1035,Eduard Wahl,Wahl!,,,,CDU,cdu,area/baden-württemberg,Baden-Württemberg,Bundestag,5,,,"https://upload.wikimedia.org/wikipedia/commons/f/f5/KAS-Wahl,_Eduard-Bild-14543-1.jpg",male,Q1290290
7ca00884-751d-4972-aacf-0b3f12d91a01,Edwin Zerbe,Zerbe!,,,,SPD,spd,area/hessen,Hessen,Bundestag,5,,1967-05-02,,male,Q1295075
1f76a972-1a5f-48e1-8da2-e24d71a36af6,Egon Franke,"Franke, Egon!",,,,SPD,spd,area/niedersachsen,Niedersachsen,Bundestag,5,,,"https://upload.wikimedia.org/wikipedia/commons/8/80/Bundesarchiv_B_145_Bild-F048636-0022,_Dortmund,_SPD-Parteitag,_Egon_Franke.jpg",male,Q486035
95c94ae2-dfc8-468b-85f1-00a896ebbb9c,Egon Höhmann,Hohmann!,,,,SPD,spd,area/hessen,Hessen,Bundestag,5,,,,male,Q1298664
d2c0b83a-7605-4c95-8ff2-d9949a4b9b34,Egon Klepsch,Klepsch!,,,,CDU,cdu,area/rheinland-pfalz,Rheinland-Pfalz,Bundestag,5,,,"https://upload.wikimedia.org/wikipedia/commons/3/3e/Bundesarchiv_B_145_Bild-F061785-0005,_Hamburg,_CDU-Bundesparteitag,_Egon_Klepsch.jpg",male,Q61013
78a4a32b-6d47-4dfc-b1fd-cb63c6bc9071,Egon Lampersbach,Lampersbach!,,,,CDU,cdu,area/nordrhein-westfalen,Nordrhein-Westfalen,Bundestag,5,,,,male,Q1298751
5912eea7-1870-4317-8dc8-114cf5ca0b95,Egon Wilhelm Ramms,Ramms!,,,,FDP,fdp,area/nordrhein-westfalen,Nordrhein-Westfalen,Bundestag,5,,,,male,Q1298980
f6a4672c-7c17-4a44-bf9a-7bb385d3e24c,Elfriede Eilers,"Eilers, Elfriede!",,,,SPD,spd,area/nordrhein-westfalen,Nordrhein-Westfalen,Bundestag,5,,,,female,Q1168144
a58ffa57-09ac-4061-9dc0-ccb534f79f7f,Elfriede Seppi,Seppi!,,,,SPD,spd,area/rheinland-pfalz,Rheinland-Pfalz,Bundestag,5,,,https://upload.wikimedia.org/wikipedia/commons/6/6d/Elfriede_Seppi_Gedenktafel_Neuwied.jpg,female,Q1328671
17cdd7e2-0683-4af3-bbf8-698b94a16c86,Elinor Hubert,Hubert!,,,,SPD,spd,area/niedersachsen,Niedersachsen,Bundestag,5,,,,female,Q1329548
7847cf3c-23a6-43e1-8fe7-395ee0651ec7,Elisabeth Enseling,Enseling!,,,,CDU,cdu,area/nordrhein-westfalen,Nordrhein-Westfalen,Bundestag,5,1966-04-28,,,female,Q1329885
51057191-b09f-4853-985e-eb07b2944846,Elisabeth Pitz-Savelsberg,Pitz!,,,,CDU,cdu,area/hessen,Hessen,Bundestag,5,,,,female,Q1296885
1405e684-1adf-4a6e-8044-7f8fc6d2c7c4,Elisabeth Schwarzhaupt,Schwarzhaupt!,,,,CDU,cdu,area/hessen,Hessen,Bundestag,5,,,"https://upload.wikimedia.org/wikipedia/commons/c/c6/Bundesarchiv_B_145_Bild-F021199-0011,_Bonn,_CDU-CSU-Bundesvorstand_bei_Kanzler_Erhard.jpg",female,Q65397
592cee34-0627-46bc-9f79-4e92d8af9a26,Emmy Diemer-Nicolaus,Diemer!,,,,FDP,fdp,area/baden-württemberg,Baden-Württemberg,Bundestag,5,,,,female,Q1338956
138cac14-92bc-46db-9c51-eb1e02608b0c,Erhard Eppler,"Eppler, Erhard",,,,SPD,spd,area/baden-württemberg,Baden-Württemberg,Bundestag,5,,,"https://upload.wikimedia.org/wikipedia/commons/9/97/Bundesarchiv_B_145_Bild-F039410-0008,_Hannover,_SPD-Bundesparteitag,_Eppler.jpg",male,Q71360
ba11f875-daa9-4831-90c5-d2c62377412a,Erich Mende,Mende!,,,,FDP,fdp,area/nordrhein-westfalen,Nordrhein-Westfalen,Bundestag,5,,,"https://upload.wikimedia.org/wikipedia/commons/b/b6/Bundesarchiv_Bild_183-87989-0060,_Erich_Mende.jpg",male,Q491610
72873681-3c6d-439b-9aa5-4756b931e4e2,Erich Weiland,Weiland!,,,,CDU,cdu,area/nordrhein-westfalen,Nordrhein-Westfalen,Bundestag,5,1966-12-14,,,male,Q1353469
d9950ffa-b9ab-49d5-a314-922dd6cf056d,Erich Ziegler,Ziegler!,,,,CSU,csu,area/bayern,Bayern,Bundestag,5,,,,male,Q1353572
b018c04f-e0e6-4ecf-b681-ff3756483a86,Erik Blumenfeld,Blumenfeld!,,,,CDU,cdu,area/hamburg,Hamburg,Bundestag,5,,,"https://upload.wikimedia.org/wikipedia/commons/4/4a/KAS-Blumenfeld,_Erik-Bild-4679-1.jpg",male,Q1353839
693b4286-f156-4df6-bbf9-ae328279c233,Erika Wolf,"Wolf, Erika",,,,CDU,cdu,area/nordrhein-westfalen,Nordrhein-Westfalen,Bundestag,5,,,,female,Q1354539
a349bef0-7ebd-4242-9df4-d7808850531d,Ernst Achenbach,"Achenbach, Ernst",,,,FDP,fdp,area/nordrhein-westfalen,Nordrhein-Westfalen,Bundestag,5,,,https://upload.wikimedia.org/wikipedia/commons/1/16/MebeAchenbach1972.jpg,male,Q214251
8690ae26-013c-4a9c-bcff-ca46e37f7d38,Ernst Benda,Benda!,,,,CDU,cdu,area/berlin,Berlin,Bundestag,5,,,"https://upload.wikimedia.org/wikipedia/commons/e/ed/Bundesarchiv_B_145_Bild-F041440-0013,_Hamburg,_CDU-Bundesparteitag,_Ernst_Benda.jpg",male,Q494994
e1d707da-49bd-4609-a594-24abd295f2a3,Ernst Haar,Haar,,,,SPD,spd,area/baden-württemberg,Baden-Württemberg,Bundestag,5,,,,male,Q1358434
f93b52a3-1a16-429d-b8fa-4ebe49279aff,Ernst Hölzle,Holzle!,,,,SPD,spd,area/baden-württemberg,Baden-Württemberg,Bundestag,5,1967-02-20,,,male,Q1358787
b069e20a-e976-4ec3-b163-9af9fa6c472b,Ernst Kuntscher,Kuntscher!,,,,CDU,cdu,area/niedersachsen,Niedersachsen,Bundestag,5,,,"https://upload.wikimedia.org/wikipedia/commons/2/26/KAS-Kuntscher,_Ernst-Bild-1907-1.jpg",male,Q1359098
dd78e43d-bc1b-4471-8a36-72e88a70006c,Ernst Lemmer,Lemmer!,,,,CDU,cdu,area/berlin,Berlin,Bundestag,5,,,"https://upload.wikimedia.org/wikipedia/commons/f/f9/Bundesarchiv_Bild_146-2007-0100,_Ernst_Lemmer.jpg",male,Q897275
a96652af-c380-465e-abb9-4de001a7a478,Ernst Majonica,Majonica!,,,,CDU,cdu,area/nordrhein-westfalen,Nordrhein-Westfalen,Bundestag,5,,,"https://upload.wikimedia.org/wikipedia/commons/9/92/KAS-Majonica,_Ernst-Bild-30438-1.jpg",male,Q1359397
78cb5618-1e81-4461-b11c-8e37cf7ef2f4,Ernst Müller-Hermann,Mullerhermann!,,,,CDU,cdu,area/bremen,Bremen,Bundestag,5,,,"https://upload.wikimedia.org/wikipedia/commons/c/c8/KAS-Müller-Hermann,_Ernst-Bild-2341-1.jpg",male,Q1359569
944c9f2f-4be6-4b3d-983b-f66bfd3a2bf9,Ernst Paul,Paul!,,,,SPD,spd,area/baden-württemberg,Baden-Württemberg,Bundestag,5,,,,male,Q1359705
21d8996d-3708-4d92-b9a5-96b26206e708,Ernst Schellenberg,"Schellenberg, Ernst",,,,SPD,spd,area/berlin,Berlin,Bundestag,5,,,"https://upload.wikimedia.org/wikipedia/commons/c/ca/Bundesarchiv_B_145_Bild-F039413-0007,_Hannover,_SPD-Bundesparteitag,_Schellenberg.jpg",male,Q1244360
3320384e-e942-4933-8b93-36acfbead75c,Erwin Folger,Folger!,,,,SPD,spd,area/bayern,Bayern,Bundestag,5,,,,male,Q1362931
fb7b8cd0-a0b7-4ec8-b62c-bbe63d444037,Erwin Häussler,Haussler!,,,,CDU,cdu,area/baden-württemberg,Baden-Württemberg,Bundestag,5,,,"https://upload.wikimedia.org/wikipedia/commons/f/fa/KAS-Häussler,_Erwin-Bild-2158-1.jpg",male,Q1363060
23e8db1c-69c4-4dba-bbca-b26b46719a0e,Erwin Lange,Lange!,,,,SPD,spd,area/nordrhein-westfalen,Nordrhein-Westfalen,Bundestag,5,,,,male,Q1363176
d94c8d59-a08a-4c23-b721-995e8eaa2bea,Erwin Schoettle,Schoettle!,,,,SPD,spd,area/baden-württemberg,Baden-Württemberg,Bundestag,5,,,"https://upload.wikimedia.org/wikipedia/commons/9/91/Bundesarchiv_B_145_Bild-F030279-0010,_Bonn,_Bundesverdienstkreuz_an_Erwin_Schoettle.jpg",male,Q1361327
59cb9198-d926-4020-80d4-c39f6f01b48f,Erwin Welke,Welke!,,,,SPD,spd,area/nordrhein-westfalen,Nordrhein-Westfalen,Bundestag,5,,,,male,Q1363587
1b0a8ab3-0700-4b1f-84a3-f486ad82b338,Eugen Gerstenmaier,Gerstenmaier!,,,,CDU,cdu,area/baden-württemberg,Baden-Württemberg,Bundestag,5,,,"https://upload.wikimedia.org/wikipedia/commons/7/76/Bundesarchiv_B_145_Bild-F007686-0002,_Bonn,_Ordensverleihung_an_Dr._Eugen_Gerstenmaier.png",male,Q66447
83f965ac-715d-4cc7-ade0-556ec902a861,Eugen Glombig,Glombig!,,,,SPD,spd,area/hamburg,Hamburg,Bundestag,5,,,,male,Q1245727
21d5aba6-dd0b-4ed9-aa4c-c7ff4070764f,Eugen Maucher,"Maucher, Eugen",,,,CDU,cdu,area/baden-württemberg,Baden-Württemberg,Bundestag,5,,,"https://upload.wikimedia.org/wikipedia/commons/4/49/KAS-Maucher,_Eugen-Bild-856-3.jpg",male,Q1372751
36c97d17-5016-4232-b4d7-61b5a5af1002,Ewald Bucher,Bucher!,,,,FDP,fdp,area/baden-württemberg,Baden-Württemberg,Bundestag,5,,,"https://upload.wikimedia.org/wikipedia/commons/b/b4/Bundesarchiv_B_145_Bild-F017420-0020,_Bonn,_Empfang_für_Politiker_aus_Brasilien.jpg",male,Q71345
9167ed54-058b-4b56-b449-d63ae6462028,Felix Freiherr von Vittinghoff-Schell,Vittinghoff!,,,,CDU,cdu,area/nordrhein-westfalen,Nordrhein-Westfalen,Bundestag,5,,,,male,Q1403964
bca82cdf-13b5-44b4-ad78-60a52832d025,Felix von Eckardt,Eckardt!,,,,CDU,cdu,area/niedersachsen,Niedersachsen,Bundestag,5,,,"https://upload.wikimedia.org/wikipedia/commons/b/b9/Bundesarchiv_B_145_Bild-P000185,_Felix_von_Eckardt.jpg",male,Q107050
d657b845-4d50-4969-a48f-b4ccfd5c5373,Ferdinand Erpenbeck,Erpenbeck!,,,,CDU,cdu,area/niedersachsen,Niedersachsen,Bundestag,5,,,,male,Q1405241
e269f11b-9f6c-4459-8a16-f93506272caa,Franz Falke,Falke!,,,,CDU,cdu,area/nordrhein-westfalen,Nordrhein-Westfalen,Bundestag,5,1967-07-27,,"https://upload.wikimedia.org/wikipedia/commons/9/96/KAS-Falke,_Franz-Bild-1963-1.jpg",male,Q1446713
dd4facd0-0843-4fb5-bb32-0901be222298,Franz Gleissner,Gleissner!,,,,CSU,csu,area/bayern,Bayern,Bundestag,5,,,,male,Q1446945
d6de78a6-a12a-4b22-8f29-cbe61d1267ad,Franz Höhne,Hohne!,,,,SPD,spd,area/bayern,Bayern,Bundestag,5,,,,male,Q1447374
f838f4f2-b46d-43e8-8b4f-064199c1fcf9,Franz Josef Strauß,Strauss,,,,CSU,csu,area/bayern,Bayern,Bundestag,5,,,https://upload.wikimedia.org/wikipedia/commons/b/b3/Franz_Josef_Strauß.jpg,male,Q44620
7e48b27d-c70c-41f6-92bc-95858eb864d7,Franz Josef Zebisch,Zebisch!,,,,SPD,spd,area/bayern,Bayern,Bundestag,5,,,,male,Q1251027
27c80fbf-b8ca-44bb-bf9b-b3ab81090b0d,Franz Lenze,Lenze!,,,,CDU,cdu,area/nordrhein-westfalen,Nordrhein-Westfalen,Bundestag,5,,,"https://upload.wikimedia.org/wikipedia/commons/2/2e/KAS-Lenze,_Franz-Bild-23279-1.jpg",male,Q1448033
470e400a-91c9-4775-9009-ef16e8e938ed,Franz Marx,"Marx, Franz!",,,,SPD,spd,area/bayern,Bayern,Bundestag,5,,,,male,Q1448200
558ba2bd-038e-453a-b0ec-aabe96971c3f,Franz Neumann,"Neumann, Franz!",,,,SPD,spd,area/berlin,Berlin,Bundestag,5,,,,male,Q1448392
8c5a544f-d31c-44aa-8120-5afeb155bd30,Franz Seume,Seume!,,,,SPD,spd,area/berlin,Berlin,Bundestag,5,,,,male,Q1449065
4989a068-9388-4631-9484-c2bc1159716f,Franz Stein,"Stein, Franz!",,,,SPD,spd,area/rheinland-pfalz,Rheinland-Pfalz,Bundestag,5,,1967-09-14,,male,Q96925
6a7c0834-34bc-4b43-a147-694def387d84,Franz Varelmann,Varelmann!,,,,CDU,cdu,area/niedersachsen,Niedersachsen,Bundestag,5,,,,male,Q1449318
2df5bbc3-8f44-4140-b2e4-3905d545c397,Franz Vit,"Vit, Franz",,,,SPD,spd,area/nordrhein-westfalen,Nordrhein-Westfalen,Bundestag,5,,,,male,Q1449323
6045c390-eaa6-46b9-a2d5-438787b6fc37,Franz Weigl,Weigl!,,,,CSU,csu,area/bayern,Bayern,Bundestag,5,,,,male,Q1449394
69e247db-b3f7-4bf4-923c-4e1c727b3585,Franz Xaver Geisenhofer,Geisenhofer!,,,,CSU,csu,area/bayern,Bayern,Bundestag,5,1967-05-03,,,male,Q1449615
5c344b94-4202-4173-b554-ee153b12d3f4,Franz Xaver Unertl,Unertl!,,,,CSU,csu,area/bayern,Bayern,Bundestag,5,,,,male,Q1449743
4c06cd56-864f-4e3a-95b2-c45f726cb9c9,Franz-Josef Wuermeling,Wuermeling!,,,,CDU,cdu,area/rheinland-pfalz,Rheinland-Pfalz,Bundestag,5,,,"https://upload.wikimedia.org/wikipedia/commons/4/49/Bundesarchiv_Bild_146III-386,_Franz-Josef_Wuermeling.jpg",male,Q280029
be9d4965-a14f-42fd-9782-2e65429a3627,Friedrich Blume,Blume!,,,,SPD,spd,area/niedersachsen,Niedersachsen,Bundestag,5,,,,male,Q1458477
e7c2bc60-043e-47cd-990b-bedc1ccc7552,Friedrich Freiwald,"Freiwald, Friedrich",,,,CDU,cdu,area/hessen,Hessen,Bundestag,5,,,,male,Q1459150
59737752-cbee-4b33-974d-a444d1dbfdba,Friedrich Fritz,"Fritz, Friedrich!",,,,CDU,cdu,area/baden-württemberg,Baden-Württemberg,Bundestag,5,,,,male,Q15810592
5a642fdc-77f0-4fd6-9f6f-5a6d934b2454,Friedrich Karius,Karius!,,,,SPD,spd,area/baden-württemberg,Baden-Württemberg,Bundestag,5,1969-08-18,,,male,Q1125797
0084a0e8-253a-4085-88bb-124c93a4521e,Friedrich Kempfler,"Kempfler, Friedrich",,,,CSU,csu,area/bayern,Bayern,Bundestag,5,,,,male,Q1460359
85ebc71b-09d4-445f-9bc2-873fad1be80a,Friedrich Kühn,Kuhn!,,,,CDU,cdu,area/niedersachsen,Niedersachsen,Bundestag,5,,,,male,Q1460644
867b9a1d-5900-4867-b529-b28e4b0b0be0,Friedrich Rau,Rau!,,,,SPD,spd,area/baden-württemberg,Baden-Württemberg,Bundestag,5,,,,male,Q1280427
1b05c2d1-33cf-41c5-a941-e1511facf86a,Friedrich Schonhofen,"Schonhofen, Friedrich",,,,SPD,spd,area/nordrhein-westfalen,Nordrhein-Westfalen,Bundestag,5,,,,male,Q1457122
452af460-86c4-49cd-8e9b-b61e22524c0b,Friedrich Schäfer,"Schafer, Friedrich!",,,,SPD,spd,area/baden-württemberg,Baden-Württemberg,Bundestag,5,,1967-02-14,,male,Q1462129
3d95d000-34d0-4ace-8e60-2bdddf103a4a,Friedrich Vogel,"Vogel, Friedrich!",,,,CDU,cdu,area/nordrhein-westfalen,Nordrhein-Westfalen,Bundestag,5,,1966-10-06,"https://upload.wikimedia.org/wikipedia/commons/3/31/Bundesarchiv_B_145_Bild-F073880-0008,_Bonn,_Bundesrat,_Antrittsrede_Bundesratspräsident_(cropped).jpg",male,Q1462656
45bf8e56-19ad-462a-af04-f914375bc1c1,Friedrich Zimmermann,"Zimmermann, Friedrich",,,,CSU,csu,area/bayern,Bayern,Bundestag,5,,1969-10-15,"https://upload.wikimedia.org/wikipedia/commons/b/be/Bundesarchiv_B_145_Bild-F085285-0011a,_Bonn_Friedrich_Zimmermann.jpg",male,Q65529
54196cd7-1e22-4aed-b2d9-0642715c25cd,Friedrich-Karl Storm,Storm!,,,,CDU,cdu,area/schleswig-holstein,Schleswig-Holstein,Bundestag,5,,,,male,Q1457780
196d6180-8f35-47df-865c-490f6b2a2f6f,Fritz Baier,"Baier, Fritz",,,,CDU,cdu,area/baden-württemberg,Baden-Württemberg,Bundestag,5,,,"https://upload.wikimedia.org/wikipedia/commons/9/9f/KAS-Baier,_Fritz-Bild-39077-1.jpg",male,Q1465583
4ef3d5b6-7134-4cda-acdc-535c0b8dddf5,Fritz Berendsen,Berendsen!,,,,CDU,cdu,area/baden-württemberg,Baden-Württemberg,Bundestag,5,,,,male,Q1235181
d36d4947-9d1f-455f-8c93-ec66abdf42a2,Fritz Burgbacher,"Burgbacher, Fritz",,,,CDU,cdu,area/nordrhein-westfalen,Nordrhein-Westfalen,Bundestag,5,,,"https://upload.wikimedia.org/wikipedia/commons/c/c0/Bundesarchiv_B_145_Bild-F038324-0007,_Köln,_CDU-Bundestagswahlkampf,_Burgbacher_cropped.jpg",male,Q1319111
879a06e3-4343-4dc3-bf49-5d3bf9e43592,Fritz Böhm,Bohm!,,,,SPD,spd,area/bayern,Bayern,Bundestag,5,,,,male,Q1313401
b9e7ffa5-9ed9-4c06-9ff0-1cc3c303cc9a,Fritz Büttner,Buttner!,,,,SPD,spd,area/nordrhein-westfalen,Nordrhein-Westfalen,Bundestag,5,,,,male,Q1465916
a1b08bb8-0241-479c-9a57-e304e8a33273,Fritz Corterier,Corterier!,,,,SPD,spd,area/baden-württemberg,Baden-Württemberg,Bundestag,5,,,,male,Q1465950
759a3452-9b39-4ebf-bdbc-33865a91a4ea,Fritz Erler,Erler!,,,,SPD,spd,area/baden-württemberg,Baden-Württemberg,Bundestag,5,,1967-02-22,,male,Q71365
755e1812-80c4-48d3-8e76-1a0581c6e0af,Fritz Eschmann,Eschmann!,,,,SPD,spd,area/nordrhein-westfalen,Nordrhein-Westfalen,Bundestag,5,,,,male,Q1466169
1e81cee7-ec75-4983-b15e-cee7f875a9ad,Fritz Logemann,"Logemann, Fritz",,,,FDP,fdp,area/niedersachsen,Niedersachsen,Bundestag,5,,,,male,Q1467368
0ea9da32-7802-48a5-9381-fd4030c7d9c7,Fritz Rinderspacher,Rinderspacher!,,,,SPD,spd,area/baden-württemberg,Baden-Württemberg,Bundestag,5,,,,male,Q1468009
dd2875d0-4d87-43b5-8009-15a8fe3f84a4,Fritz Steinhoff,Steinhoff!,,,,SPD,spd,area/nordrhein-westfalen,Nordrhein-Westfalen,Bundestag,5,,,https://upload.wikimedia.org/wikipedia/commons/4/4c/Bundesarchiv_Fritz_Steinhoff.jpg,male,Q99458
81394e87-24ca-4860-983d-80e85d141f91,Fritz Sänger,Sanger!,,,,SPD,spd,area/schleswig-holstein,Schleswig-Holstein,Bundestag,5,,,,male,Q1468600
013e4b4e-7a56-46bd-b2f9-918c6a4561ff,Fritz Walter,Walter!,,,,FDP,fdp,area/hessen,Hessen,Bundestag,5,,,,male,Q109515
85b0a91a-ae81-482e-a281-c4d41528bd6c,Fritz Wilhelm Hörauf,Horauf!,,,,SPD,spd,area/bayern,Bayern,Bundestag,5,,,,male,Q1468917
7ca8ba47-2fde-4270-8994-143c91f60594,Fritz-Rudolf Schultz,Schultz!,,,,FDP,fdp,area/rheinland-pfalz,Rheinland-Pfalz,Bundestag,5,,,,male,Q122071
110ee7fa-0fe3-4c36-8f5f-5a23ea7207d2,Georg Ehnes,Ehnes!,,,,CSU,csu,area/bayern,Bayern,Bundestag,5,,,,male,Q107733
4d3127dc-b761-4f9a-8fd3-24e4b7849be9,Georg Kahn-Ackermann,"Kahn-Ackermann, Georg",,,,SPD,spd,area/bayern,Bayern,Bundestag,5,,,,male,Q105732
148d58bf-9854-4614-8bc0-17c9c6731095,Georg Kliesing,"Kliesing, Georg",,,,CDU,cdu,area/nordrhein-westfalen,Nordrhein-Westfalen,Bundestag,5,,,,male,Q1505009
fb2c95d1-90ab-4ff1-9f0d-acd48e84e613,Georg Krug,Krug!,,,,CSU,csu,area/bayern,Bayern,Bundestag,5,,,,male,Q1290611
c4a7ca03-d8ae-4b20-ae31-ea1d3eac9edb,Georg Kurlbaum,Kurlbaum!,,,,SPD,spd,area/bayern,Bayern,Bundestag,5,,,,male,Q1505086
ef32b499-1487-4fd0-9053-205ea99ccdcf,Georg Leber,Leber!,,,,SPD,spd,area/hessen,Hessen,Bundestag,5,,,https://upload.wikimedia.org/wikipedia/commons/c/c8/Verteidigungsminister_Georg_Leber.jpg,male,Q62237
5999ba09-b11e-46a5-b25b-2e37c994f1a1,Georg Neemann,Neemann!,,,,SPD,spd,area/nordrhein-westfalen,Nordrhein-Westfalen,Bundestag,5,,,,male,Q1505458
7d33216e-f551-4141-a4f1-db8070ede7f6,Georg Peters,"Peters, Georg!",,,,SPD,spd,area/niedersachsen,Niedersachsen,Bundestag,5,,,,male,Q1505602
c3a96cb1-b5b5-4553-ab09-86d92841ffc3,Georg Schulhoff,Schulhoff!,,,,CDU,cdu,area/nordrhein-westfalen,Nordrhein-Westfalen,Bundestag,5,,,,male,Q1505937
622a9fdf-8aac-466a-ba24-208ec0702122,Georg Stiller,Stiller!,,,,CSU,csu,area/bayern,Bayern,Bundestag,5,,,,male,Q1506124
a83783f1-1677-4a08-9c11-84c3fbce5595,Gerd Ritgen,"Ritgen, Gerd",,,,CDU,cdu,area/nordrhein-westfalen,Nordrhein-Westfalen,Bundestag,5,,,,male,Q1510763
fea64d98-3d3e-4e6f-b595-c4f64b2a5aec,Gerd Springorum,"Springorum, Gerd",,,,CDU,cdu,area/nordrhein-westfalen,Nordrhein-Westfalen,Bundestag,5,,,"https://upload.wikimedia.org/wikipedia/commons/5/5e/KAS-Springorum,_Gerd-Bild-2044-1.jpg",male,Q1286942
dace283b-952e-4487-8aa8-8731290ce6f2,Gerhard Flämig,Flamig!,,,,SPD,spd,area/hessen,Hessen,Bundestag,5,,,,male,Q1511581
f4f9f560-87e1-476d-b18b-a8199b0720c2,Gerhard Jahn,"Jahn, Gerhard",,,,SPD,spd,area/hessen,Hessen,Bundestag,5,,,https://upload.wikimedia.org/wikipedia/commons/2/2d/Gerhard_Jahn.PNG,male,Q73924
c995eb65-d849-4d4d-9ad6-9293b52d6cb5,Gerhard Jungmann,Jungmann!,,,,CDU,cdu,area/niedersachsen,Niedersachsen,Bundestag,5,,,,male,Q1377063
c7e80d1e-ac67-4b67-9130-718af0c36b8a,Gerhard Koch,Koch!,,,,SPD,spd,area/nordrhein-westfalen,Nordrhein-Westfalen,Bundestag,5,,,,male,Q1511943
e19d98f9-d680-4fcd-be1d-1d5fb3d5486d,Gerhard Orgaß,"Orgaß, Gerhard",,,,CDU,cdu,area/hamburg,Hamburg,Bundestag,5,,,https://upload.wikimedia.org/wikipedia/commons/9/99/Gerhard_Orgaß.jpg,male,Q1512246
afabb103-a443-475b-ab86-21c24f1833f7,Gerhard Philipp,Philipp!,,,,CDU,cdu,area/nordrhein-westfalen,Nordrhein-Westfalen,Bundestag,5,,1966-04-20,,male,Q1512282
870fc3df-5f73-4b4a-b22d-9da25488408e,Gerhard Reischl,Reischl!,,,,SPD,spd,area/bayern,Bayern,Bundestag,5,,,,male,Q1364997
3891bbb5-7ef5-4f39-92b8-baed6d577caa,Gerhard Schröder,"Schroder, Gerhard!",,,,CDU,cdu,area/nordrhein-westfalen,Nordrhein-Westfalen,Bundestag,5,,,"https://upload.wikimedia.org/wikipedia/commons/a/a2/Bundesarchiv_B_145_Bild-F008145-0002,_Gerhard_Schröder.jpg",male,Q60781
e4d94125-b765-4354-805a-fd33c37f2ec7,Gerhard Stoltenberg,Stoltenberg!,,,,CDU,cdu,area/schleswig-holstein,Schleswig-Holstein,Bundestag,5,,,https://upload.wikimedia.org/wikipedia/commons/9/9d/Verteidigungsminister_Dr._Gerhard_Stoltenberg_(4909220253).jpg,male,Q62214
10ffb51f-a794-49ea-9f32-c60e5f2ac7c7,Gerold Wächter,Wachter!,,,,FDP,fdp,area/niedersachsen,Niedersachsen,Bundestag,5,,,,male,Q1514604
c6f0dfab-e085-4060-bff4-a05029044a42,Gottfried Arnold,Arnold!,,,,CDU,cdu,area/nordrhein-westfalen,Nordrhein-Westfalen,Bundestag,5,,,"https://upload.wikimedia.org/wikipedia/commons/d/d2/KAS-Arnold,_Gottfried-Bild-2510-1.jpg",male,Q1539095
35a8b0a4-6107-4c41-be64-8fb64b1fd6c0,Gustav Freiherr von Gemmingen-Hornberg,Gemmingen!,,,,FDP,fdp,area/baden-württemberg,Baden-Württemberg,Bundestag,5,1967-10-11,,,male,Q1555810
b544320d-ad8d-4d14-9c33-f606ec76c327,Gustav Heinemann,Heinemann!,,,,SPD,spd,area/nordrhein-westfalen,Nordrhein-Westfalen,Bundestag,5,,1969-06-24,"https://upload.wikimedia.org/wikipedia/commons/3/3a/Bundesarchiv_Bild_146-2007-0037,_Gustav_Heinemann.jpg",male,Q2573
5add6882-e7ac-4dd4-ae74-192191e427b7,Gustav Stein,Stein!,,,,CDU,cdu,area/nordrhein-westfalen,Nordrhein-Westfalen,Bundestag,5,,,,male,Q1556421
9b25f9e0-8f03-4bc0-99e2-7c4889b74031,Göke Frerichs,"Frerichs, Göke",,,,CDU,cdu,area/nordrhein-westfalen,Nordrhein-Westfalen,Bundestag,5,,,https://upload.wikimedia.org/wikipedia/commons/1/1a/Göke_Frerichs.jpg,male,Q1110481
c9d4ebe8-e3ca-47c5-a651-17b40a4d3d38,Günter Biermann,Biermann!,,,,SPD,spd,area/nordrhein-westfalen,Nordrhein-Westfalen,Bundestag,5,,,,male,Q120851
83c3b93c-0842-494e-9453-fd29cc809010,Günter Frede,Frede!,,,,SPD,spd,area/niedersachsen,Niedersachsen,Bundestag,5,,1967-11-23,,male,Q1560474
095d2b38-68b6-4607-8a17-b16eefd77884,Günter Jaschke,"Jaschke, Günter",,,,SPD,spd,area/nordrhein-westfalen,Nordrhein-Westfalen,Bundestag,5,,,,male,Q1560624
9a38bb0d-379a-46d9-b367-5aae97ef84fe,Günter Rinsche,Rinsche!,,,,CDU,cdu,area/nordrhein-westfalen,Nordrhein-Westfalen,Bundestag,5,,,"https://upload.wikimedia.org/wikipedia/commons/b/b5/KAS-Rinsche,_Günter-Bild-28977-2.jpg",male,Q1560946
86110878-509a-4c1f-9bac-dcc2eb66eb77,Günter von Nordenskjöld,Nordenskjold!,,,,CDU,cdu,area/niedersachsen,Niedersachsen,Bundestag,5,,,,male,Q1561260
72c00388-4810-419d-893a-c5528c013038,Günther Eckerland,"Eckerland, Günther",,,,SPD,spd,area/nordrhein-westfalen,Nordrhein-Westfalen,Bundestag,5,,,,male,Q1561416
fba943a4-ec38-46e5-a1fe-b95046b4687b,Günther Müller,"Muller, Gunther!",,,,SPD,spd,area/bayern,Bayern,Bundestag,5,,,,male,Q1561675
6f57ad7e-10f5-4f25-b652-e567fbeacd50,Günther Serres,Serres!,,,,CDU,cdu,area/nordrhein-westfalen,Nordrhein-Westfalen,Bundestag,5,,,,male,Q1561850
9202b9d9-c2b5-4158-9d89-58576293a9ca,Hannsheinz Bauer,Bauer!,,,,SPD,spd,area/bayern,Bayern,Bundestag,5,,,,male,Q99423
cf9f0283-52cd-417a-963a-4222912868ac,Hans Apel,Apel,,,,SPD,spd,area/hamburg,Hamburg,Bundestag,5,,,https://upload.wikimedia.org/wikipedia/commons/7/76/Hansapel.jpg,male,Q65561
0b18b517-571e-4083-bfa1-f58bd1e12de3,Hans August Lücker,Lucker!,,,,CSU,csu,area/bayern,Bayern,Bundestag,5,,,,male,Q1578523
dde160f1-8d0b-46ba-80dd-a6cfe436bb67,Hans Bals,Bals!,,,,SPD,spd,area/bayern,Bayern,Bundestag,5,,,,male,Q1578546
81b91534-2e06-4949-ba43-e24b590cec65,Hans Bardens,Bardens!,,,,SPD,spd,area/rheinland-pfalz,Rheinland-Pfalz,Bundestag,5,,,,male,Q1578551
dec21f08-2c7c-4154-92d5-fae3dd0e30f6,Hans Blöcker,Blocker!,,,,CDU,cdu,area/schleswig-holstein,Schleswig-Holstein,Bundestag,5,,,"https://upload.wikimedia.org/wikipedia/commons/a/a2/KAS-Blöcker,_Hans-Bild-1725-2.jpg",male,Q1578743
b55781a0-8a6e-4ab2-8287-4defe05fe89d,Hans Dichgans,Dichgans!,,,,CDU,cdu,area/nordrhein-westfalen,Nordrhein-Westfalen,Bundestag,5,,,,male,Q1579148
e640354f-15af-4b2f-b773-0f06e24d8d32,Hans Edgar Jahn,"Jahn, Hans!",,,,CDU,cdu,area/niedersachsen,Niedersachsen,Bundestag,5,,,"https://upload.wikimedia.org/wikipedia/commons/b/b0/KAS-Jahn,_Hans-Edgar-Bild-19261-1.jpg",male,Q1579275
a3e3d1ce-f0fb-4b03-b3a7-beb222414afa,Hans Friderichs,Friderichs!,,,,FDP,fdp,area/rheinland-pfalz,Rheinland-Pfalz,Bundestag,5,,,"https://upload.wikimedia.org/wikipedia/commons/a/a0/Bundesarchiv_B_145_Bild-F046797-0028,_Mainz,_FDP-Bundesparteitag,_Friderichs.jpg",male,Q316587
31aea59d-f5a3-456a-8c6e-4d95ef54d7d8,Hans Furler,Furler!,,,,CDU,cdu,area/baden-württemberg,Baden-Württemberg,Bundestag,5,,,"https://upload.wikimedia.org/wikipedia/commons/5/5f/KAS-Furler,_Hans-Bild-14318-1.jpg",male,Q65657
86390f15-1b2e-46f9-906b-1bbf13ba5f9f,Hans Geiger,"Geiger, Hans",,,,SPD,spd,area/baden-württemberg,Baden-Württemberg,Bundestag,5,,,,male,Q1579686
b845eb20-ce4b-489c-8119-cd51457d80d0,Hans Georg Emde,Emde!,,,,FDP,fdp,area/nordrhein-westfalen,Nordrhein-Westfalen,Bundestag,5,,,,male,Q1579715
4ec1edc7-ffa4-41d7-9094-f0a910008e03,Hans Gertzen,Gertzen!,,,,SPD,spd,area/nordrhein-westfalen,Nordrhein-Westfalen,Bundestag,5,,,,male,Q1579815
a67a3f1c-72dc-446a-b61e-d62250ca75fb,Hans Hermsdorf,"Hermsdorf, Hans",,,,SPD,spd,area/niedersachsen,Niedersachsen,Bundestag,5,,,,male,Q1580220
0fb671bc-3c36-4c79-8071-42143e88d223,Hans Hörmann,Hormann!,,,,SPD,spd,area/baden-württemberg,Baden-Württemberg,Bundestag,5,,,,male,Q1580392
9cf39564-7956-4b83-9e05-28d1d5f5ad37,Hans Ils,Ils!,,,,SPD,spd,area/niedersachsen,Niedersachsen,Bundestag,5,,,,male,Q1580416
596f75a7-0650-4e86-b433-2e47ca754e9a,Hans Iven,Iven!,,,,SPD,spd,area/nordrhein-westfalen,Nordrhein-Westfalen,Bundestag,5,,,,male,Q1428897
1e6c150d-ddc2-4aa0-9a58-73bb98f85d57,Hans Katzer,Katzer!,,,,CDU,cdu,area/nordrhein-westfalen,Nordrhein-Westfalen,Bundestag,5,,,"https://upload.wikimedia.org/wikipedia/commons/0/05/Bundesarchiv_B_145_Bild-F054626-0005,_Ludwigshafen,_CDU-Bundesparteitag,_Katzer.jpg",male,Q97610
8f75d081-f702-40fa-890b-0595c80317e5,Hans Lautenschlager,"Lautenschlager, Hans",,,,SPD,spd,area/bayern,Bayern,Bundestag,5,,,,male,Q1580993
f93d94dc-830a-4349-9dc9-a7a01ee71da2,Hans Lemp,Lemp!,,,,SPD,spd,area/niedersachsen,Niedersachsen,Bundestag,5,1967-11-29,,,male,Q1567077
845380aa-347d-41f5-92de-a806338cb168,Hans Lenz,"Lenz, Hans!",,,,FDP,fdp,area/baden-württemberg,Baden-Württemberg,Bundestag,5,,1967-10-05,,male,Q96975
993b8a38-3bf2-46f1-a842-7c778fd92d42,Hans Matthöfer,Matthofer!,,,,SPD,spd,area/hessen,Hessen,Bundestag,5,,,"https://upload.wikimedia.org/wikipedia/commons/1/17/Bundesarchiv_B_145_Bild-F048639-0031,_Dortmund,_SPD-Parteitag,_Hans_Matthöfer.jpg",male,Q65556
dd2d66d6-aae2-4839-8631-d43a95f934ae,Hans Meis,Meis!,,,,CDU,cdu,area/nordrhein-westfalen,Nordrhein-Westfalen,Bundestag,5,,,"https://upload.wikimedia.org/wikipedia/commons/0/04/KAS-Meis,_Hans-Bild-2018-1.jpg",male,Q1581296
4520690b-feab-41cc-8411-8341cfe010bd,Hans Merten,Merten!,,,,SPD,spd,area/hessen,Hessen,Bundestag,5,,1967-12-12,,male,Q1581327
cf8bcca2-9a7c-4aad-8e95-1109c1a3d361,Hans Müthling,Muthling!,,,,SPD,spd,area/schleswig-holstein,Schleswig-Holstein,Bundestag,5,,,https://upload.wikimedia.org/wikipedia/commons/d/d0/Stadtarchiv-Kiel_45647-Muethling.jpg,male,Q1581456
e08056ef-ab7a-4015-9a23-e2d48cfddf43,Hans Richarts,Richarts!,,,,CDU,cdu,area/rheinland-pfalz,Rheinland-Pfalz,Bundestag,5,,1969-09-16,,male,Q1252261
e2875b15-b5e2-4c03-a8d4-931c18bf1277,Hans Stefan Seifriz,Seifriz!,,,,SPD,spd,area/bremen,Bremen,Bundestag,5,,,,male,Q1582620
3f50b293-9d15-4b25-a1ae-bf7d3c48e873,Hans Toussaint,Toussaint!,,,,CDU,cdu,area/nordrhein-westfalen,Nordrhein-Westfalen,Bundestag,5,,,,male,Q1428190
7e69cc83-9eac-4b11-a8c9-2706b1b41a3a,Hans Verbeek,Verbeek!,,,,CDU,cdu,area/nordrhein-westfalen,Nordrhein-Westfalen,Bundestag,5,,1966-12-13,"https://upload.wikimedia.org/wikipedia/commons/e/e1/KAS-Verbeek,_Hans-Bild-709-1.jpg",male,Q1582863
c330e77f-59c0-46e2-884a-2e8e641a3d87,Hans Wellmann,Wellmann!,,,,SPD,spd,area/berlin,Berlin,Bundestag,5,,1969-05-30,,male,Q1583033
7a116802-c614-48ef-90d8-ef6070dfbafa,Hans Wilhelmi,Wilhelmi!,,,,CDU,cdu,area/hessen,Hessen,Bundestag,5,,,"https://upload.wikimedia.org/wikipedia/commons/e/ed/KAS-Wilhelmi,_Hans-Bild-631-1.jpg",male,Q90822
598a15c3-995b-435b-96e2-87d22cbc58fa,Hans-Christoph Seebohm,Seebohm!,,,,CDU,cdu,area/niedersachsen,Niedersachsen,Bundestag,5,,1967-09-17,"https://upload.wikimedia.org/wikipedia/commons/a/a1/KAS-Seebohm,_Hans-Christoph-Bild-628-1.jpg",male,Q69088
5559eab3-bb57-4b0a-a685-159f664f5efe,Hans-Dietrich Genscher,Genscher!,,,,FDP,fdp,area/nordrhein-westfalen,Nordrhein-Westfalen,Bundestag,5,,,"https://upload.wikimedia.org/wikipedia/commons/0/03/Bundesarchiv_FDP-Bundesparteitag,_Genscher.jpg",male,Q106235
a3de63d9-b69a-4da7-b563-b815bf1bc085,Hans-Joachim von Merkatz,Merkatz!,,,,CDU,cdu,area/niedersachsen,Niedersachsen,Bundestag,5,,,"https://upload.wikimedia.org/wikipedia/commons/7/76/KAS-Merkatz,_Hans-Joachim_von-Bild-625-1.jpg",male,Q566322
a807fbb1-974f-4b69-8296-620d50b2b227,Hans-Jürgen Junghans,Junghans!,,,,SPD,spd,area/niedersachsen,Niedersachsen,Bundestag,5,,,,male,Q1577720
1c6bbb98-ee44-43a5-aeb9-14bfad8aa0b3,Hans-Jürgen Klinker,Klinker!,,,,CDU,cdu,area/schleswig-holstein,Schleswig-Holstein,Bundestag,5,,,,male,Q1577732
dabbb294-160b-4527-b998-9c706a6765ab,Hans-Jürgen Wischnewski,Wischnewski,,,,SPD,spd,area/nordrhein-westfalen,Nordrhein-Westfalen,Bundestag,5,,,"https://upload.wikimedia.org/wikipedia/commons/7/78/Bundesarchiv_B_145_Bild-F079279-0005,_Münster,_SPD-Parteitag,_Wischnewski.jpg",male,Q67517
475716db-bfb4-4173-b380-6f502c6eb79b,Hans-Werner Staratzke,Staratzke!,,,,FDP,fdp,area/hessen,Hessen,Bundestag,5,,,,male,Q1578351
be0cbb2f-9782-4756-ac18-90dc027a2f4f,Hansheinrich Schmidt,"Schmidt, Hansheinrich!",,,,FDP,fdp,area/bayern,Bayern,Bundestag,5,,,,male,Q1583800
955781ea-0f37-4ede-ad6b-68affbe26a08,Hansjörg Häfele,Hafele,,,,CDU,cdu,area/baden-württemberg,Baden-Württemberg,Bundestag,5,,,"https://upload.wikimedia.org/wikipedia/commons/9/9a/KAS-Häfele,_Hansjörg-Bild-2814-1.jpg",male,Q1583867
cd495972-1b94-48e4-84aa-c4f2d864a196,Harri Bading,Bading!,,,,SPD,spd,area/hessen,Hessen,Bundestag,5,,,,male,Q1586103
e6fdaa6b-7d60-4f89-badf-b2cb06b4c5d9,Harry Liehr,Liehr!,,,,SPD,spd,area/berlin,Berlin,Bundestag,5,,,,male,Q1417746
8a34ab15-2834-4ea5-9b62-b4c2d9a44bc5,Harry Tallert,Tallert!,,,,SPD,spd,area/bremen,Bremen,Bundestag,5,,,,male,Q1586816
bb5ee42d-ad80-4f86-87ec-010621a9c34c,Hedda Heuser,Heuser!,,,,FDP,fdp,area/nordrhein-westfalen,Nordrhein-Westfalen,Bundestag,5,1968-03-11,,,female,Q1593173
3ed79eaf-e1cc-403a-80c9-9f4b34ae9236,Hedwig Meermann,"Meermann, Hedwig",,,,SPD,spd,area/baden-württemberg,Baden-Württemberg,Bundestag,5,,,https://upload.wikimedia.org/wikipedia/commons/8/87/Meermann75.jpg,female,Q1593382
8d6c1c94-d7a8-430e-8455-dd3bf4f36b72,Heiner Geißler,Geissler!,,,,CDU,cdu,area/baden-württemberg,Baden-Württemberg,Bundestag,5,,1967-10-11,"https://upload.wikimedia.org/wikipedia/commons/c/c9/Bundesarchiv_B_145_Bild-F054130-0036,_Bonn,_Pressekonferenz_CDU-Präsidium,_Geißler.jpg",male,Q72651
d0afb2d0-8e8b-429e-9a2d-b5c3e8900d5d,Heinrich Aigner,Aigner!,,,,CSU,csu,area/bayern,Bayern,Bundestag,5,,,"https://upload.wikimedia.org/wikipedia/commons/4/43/Bundesarchiv_B_145_Bild-F047052-0012,_Europa-Union_Deutschland,_22._Kongress.jpg",male,Q90026
f9da3147-b214-4663-aeff-441773b8e4d2,Heinrich Auge,Auge!,,,,SPD,spd,area/nordrhein-westfalen,Nordrhein-Westfalen,Bundestag,5,,,,male,Q1596587
b8fb3d04-9656-467d-943f-4f18f7a3fa0e,Heinrich Draeger,Draeger!,,,,CDU,cdu,area/saarland,Saarland,Bundestag,5,,,,male,Q1597066
f8e60445-43d6-4209-8310-0fcadc229e25,Heinrich Franke,"Franke, Heinrich!",,,,CDU,cdu,area/niedersachsen,Niedersachsen,Bundestag,5,,,,male,Q1597247
1953ff11-89eb-4179-a8fb-ab2b2efbf9a0,Heinrich Gewandt,"Gewandt, Heinrich",,,,CDU,cdu,area/hamburg,Hamburg,Bundestag,5,,,,male,Q1597338
d425ebfc-7943-4db0-a53b-adf80df34692,Heinrich Hamacher,Hamacher!,,,,SPD,spd,area/nordrhein-westfalen,Nordrhein-Westfalen,Bundestag,5,,,,male,Q1316339
12dd14c8-89a8-485b-8cf2-19441634de18,Heinrich Holkenbrink,Holkenbrink!,,,,CDU,cdu,area/rheinland-pfalz,Rheinland-Pfalz,Bundestag,5,,1967-07-17,"https://upload.wikimedia.org/wikipedia/commons/1/18/KAS-Holkenbrink,_Heinrich-Bild-6935-1.jpg",male,Q1597630
8864bd94-17ee-4581-aa58-1df1e6ce418a,Heinrich Hörnemann,Hornemann!,,,,CDU,cdu,area/nordrhein-westfalen,Nordrhein-Westfalen,Bundestag,5,,,,male,Q1597691
a268ee1d-6829-4064-9a9c-8b0e51cbf32c,Heinrich Junker,Junker!,,,,SPD,spd,area/nordrhein-westfalen,Nordrhein-Westfalen,Bundestag,5,,,,male,Q1597927
d14ed53e-7e61-479c-9c28-eba5750a1593,Heinrich Krone,Krone!,,,,CDU,cdu,area/niedersachsen,Niedersachsen,Bundestag,5,,,"https://upload.wikimedia.org/wikipedia/commons/a/a9/KAS-Krone,_Heinrich-Bild-642-2.jpg",male,Q69130
893f9512-d0b9-412c-91b3-689fb2a64b1a,Heinrich Köppler,Koppler!,,,,CDU,cdu,area/nordrhein-westfalen,Nordrhein-Westfalen,Bundestag,5,,,https://upload.wikimedia.org/wikipedia/commons/b/b8/Heinrich_Köppler.jpg,male,Q990452
c566d55f-1d00-4847-a625-eb95fed02c41,Heinrich Lindenberg,Lindenberg!,,,,CDU,cdu,area/niedersachsen,Niedersachsen,Bundestag,5,1967-09-29,,,male,Q1598189
3212afde-9308-4925-ae5c-7d65071b007e,Heinrich Sander,Sander!,,,,FDP,fdp,area/niedersachsen,Niedersachsen,Bundestag,5,,,,male,Q1598692
7a498c88-73ff-4938-bdc9-58d85cdb84db,Heinrich Schröder,"Schroder, Heinrich!",,,,CDU,cdu,area/niedersachsen,Niedersachsen,Bundestag,5,,,,male,Q1598821
e9646c4b-5856-4679-be5b-955cd287ef3e,Heinrich Stephan,Stephan!,,,,SPD,spd,area/nordrhein-westfalen,Nordrhein-Westfalen,Bundestag,5,,,,male,Q1598955
d26dba5b-5bf3-42e7-beeb-eedba578946c,Heinrich Stooß,Stooss!,,,,CDU,cdu,area/baden-württemberg,Baden-Württemberg,Bundestag,5,,,,male,Q1385907
24ac67f4-1db5-45b7-a020-3997b5fad949,Heinrich Welslau,Welslau!,,,,SPD,spd,area/nordrhein-westfalen,Nordrhein-Westfalen,Bundestag,5,,,,male,Q1599208
5382ec1b-9709-4fb6-9743-30e4d0fd4561,Heinrich Wilper,Wilper!,,,,CDU,cdu,area/nordrhein-westfalen,Nordrhein-Westfalen,Bundestag,5,,1967-03-03,,male,Q1022456
453ab44c-0b1c-4a06-84a9-9e5bf9da8506,Heinrich Windelen,Windelen,,,,CDU,cdu,area/nordrhein-westfalen,Nordrhein-Westfalen,Bundestag,5,,,"https://upload.wikimedia.org/wikipedia/commons/d/d9/Bundesarchiv_B_145_Bild-F042655-0004,_Bonn,_Tagung_CDU-CSU_Bundesvorstand,_Windelen_(cropped).jpg",male,Q74262
34aab18f-c3f4-403f-99a9-abef3a84f8ec,Heinrich Wullenhaupt,Wullenhaupt!,,,,CDU,cdu,area/nordrhein-westfalen,Nordrhein-Westfalen,Bundestag,5,,,,male,Q1599378
f025a562-dd58-4c1c-bf33-fbd6759eb3a2,Heinz Brenck,Brenck!,,,,CSU,csu,area/bayern,Bayern,Bundestag,5,,,,male,Q1600077
842e2f2f-60a4-47a9-8c18-72113f4c7102,Heinz Budde,Budde!,,,,CDU,cdu,area/nordrhein-westfalen,Nordrhein-Westfalen,Bundestag,5,,,,male,Q1600089
d9846d6c-840f-4205-8f1b-ed74d15179c2,Heinz Frehsee,"Frehsee, Heinz",,,,SPD,spd,area/niedersachsen,Niedersachsen,Bundestag,5,,,,male,Q1600226
32ce2d98-9c7c-435a-bafd-f1704a5522a2,Heinz Frieler,Frieler!,,,,CDU,cdu,area/niedersachsen,Niedersachsen,Bundestag,5,,,,male,Q1600234
60a6661e-e512-4e3f-a18a-b506f4b64216,Heinz Kreutzmann,Kreutzmann!,,,,SPD (GDP),spd_(gdp),area/hessen,Hessen,Bundestag,5,,,,male,Q1600508
d7ad39bc-90d7-4857-bd42-c6a8131873ae,Heinz Morgenstern,Morgenstern!,,,,SPD,spd,area/niedersachsen,Niedersachsen,Bundestag,5,,1966-09-14,,male,Q1600666
99651ec5-523a-470e-9a34-6a3d50625be6,Heinz Pöhler,Pohler!,,,,SPD,spd,area/nordrhein-westfalen,Nordrhein-Westfalen,Bundestag,5,,,,male,Q1124764
c396045f-5f32-48cc-b71e-f2bd989fa229,Heinz Starke,Starke!,,,,FDP,fdp,area/bayern,Bayern,Bundestag,5,,,,male,Q74254
1626306c-95e8-443d-82fb-259372afc72c,Heinz Westphal,Westphal,,,,SPD,spd,area/nordrhein-westfalen,Nordrhein-Westfalen,Bundestag,5,,,"https://upload.wikimedia.org/wikipedia/commons/b/b5/Bundesarchiv_B_145_Bild-F064991-0007,_Bonn,_SPD-Pressekonferenz,_Heinz_Westphal.jpg",male,Q87666
0e4a07ff-68b9-4b22-a398-26b515b54a59,Helene Wessel,Wessel!,,,,SPD,spd,area/nordrhein-westfalen,Nordrhein-Westfalen,Bundestag,5,,1969-10-13,,female,Q70081
39f534ed-a59b-403d-ad8a-21a7259da725,Helga Wex,Wex!,,,,CDU,cdu,area/nordrhein-westfalen,Nordrhein-Westfalen,Bundestag,5,1967-04-28,,"https://upload.wikimedia.org/wikipedia/commons/d/d9/Bundesarchiv_B_145_Bild-F038039-0017,_Wiesbaden,_CDU-Parteitag,_Wex.jpg",female,Q1602322
69fb4a41-e444-4452-87a4-5484c953faf4,Hellmut Sieglerschmidt,Sieglerschmidt!,,,,SPD,spd,area/berlin,Berlin,Bundestag,5,1969-06-04,,,male,Q1441696
995f01c7-b6f2-4c31-ba9c-351ec3647b43,Helmut Artzinger,"Artzinger, Helmut",,,,CDU,cdu,area/baden-württemberg,Baden-Württemberg,Bundestag,5,,,"https://upload.wikimedia.org/wikipedia/commons/1/17/KAS-Artzinger,_Helmut-Bild-1745-1.jpg",male,Q1603355
d86cc023-f4ea-4c2c-af55-945b413a6a90,Helmut Bazille,Bazille!,,,,SPD,spd,area/baden-württemberg,Baden-Württemberg,Bundestag,5,,,,male,Q110905
9128b06b-8080-48ef-97b8-fbe564f52543,Helmut Esters,Esters!,,,,SPD,spd,area/nordrhein-westfalen,Nordrhein-Westfalen,Bundestag,5,1969-01-15,,,male,Q1603517
bdfe1927-4432-4d4a-9e0b-f408b1ffabfc,Helmut Lenders,Lenders!,,,,SPD,spd,area/nordrhein-westfalen,Nordrhein-Westfalen,Bundestag,5,,,,male,Q1603865
3cd5d7d5-c069-4414-b774-5b4f6aaab93f,Helmut Prassler,"Prassler, Helmut",,,,CDU,cdu,area/baden-württemberg,Baden-Württemberg,Bundestag,5,,,"https://upload.wikimedia.org/wikipedia/commons/9/91/KAS-Prassler,_Helmut-Bild-752-1.jpg",male,Q1604013
bccb6de7-79b4-446a-99b1-0397a416785d,Helmut Rohde,Rohde!,,,,SPD,spd,area/niedersachsen,Niedersachsen,Bundestag,5,,,"https://upload.wikimedia.org/wikipedia/commons/7/76/Bundesarchiv_B_145_Bild-F047045-0003,_Mannheim,_SPD-Parteitag,_Helmut_Rohde.jpg",male,Q897281
0638641b-b321-4964-9170-aded5ca22a74,Helmut Schlüter,Schluter!,,,,SPD,spd,area/niedersachsen,Niedersachsen,Bundestag,5,,1967-04-07,,male,Q1604129
64044d44-a2a8-475d-8875-3e0afba0794b,Helmut Schmidt,"Schmidt, Helmut!",,,,SPD,spd,area/hamburg,Hamburg,Bundestag,5,,,https://upload.wikimedia.org/wikipedia/commons/b/ba/Helmut_Schmidt_(13.07.1977).jpg,male,Q2516
fddd2625-a794-4d76-9535-64878321415c,Helmut Wendelborn,Wendelborn!,,,,CDU,cdu,area/schleswig-holstein,Schleswig-Holstein,Bundestag,5,,,"https://upload.wikimedia.org/wikipedia/commons/2/23/KAS-Wendelborn,_Helmut-Bild-7630-1.jpg",male,Q1255388
376a6353-f59c-4499-8001-e02d907230ba,Herbert Czaja,Czaja,,,,CDU,cdu,area/baden-württemberg,Baden-Württemberg,Bundestag,5,,,"https://upload.wikimedia.org/wikipedia/commons/9/97/KAS-Czaja,_Herbert-Bild-1229-2.jpg",male,Q72639
19659e1e-a21f-4558-94d2-af574c08b51a,Herbert Hauffe,Hauffe!,,,,SPD,spd,area/bayern,Bayern,Bundestag,5,,,,male,Q1608409
ffe5f4d6-bfd5-4652-bc34-928065001706,Herbert Kriedemann,Kriedemann!,,,,SPD,spd,area/nordrhein-westfalen,Nordrhein-Westfalen,Bundestag,5,,,,male,Q1608658
121e6540-3c12-4a04-af9c-02a72ee42968,Herbert Prochazka,Prochazka!,,,,CSU (GDP),csu_(gdp),area/bayern,Bayern,Bundestag,5,,,,male,Q1608926
5af8066d-853b-483d-8c54-b75b8074eb82,Herbert Wehner,Wehner!,,,,SPD,spd,area/hamburg,Hamburg,Bundestag,5,,,"https://upload.wikimedia.org/wikipedia/commons/a/a7/Bundesarchiv_Bild_175-Z02-00866,_Herbert_Wehner.jpg",male,Q77095
714414a5-48de-48f7-99d5-35cb69c78367,Hermann Ahrens,Ahrens!,,,,SPD (GDP),spd_(gdp),area/niedersachsen,Niedersachsen,Bundestag,5,,,,male,Q1518228
9bd259ed-a6a0-4e31-b57c-21ba580cff8f,Hermann Barche,"Barche, Hermann",,,,SPD,spd,area/niedersachsen,Niedersachsen,Bundestag,5,1967-04-14,,,male,Q112201
44b8a963-f2dc-4edc-a41c-2f033c9eb727,Hermann Biechele,Biechele!,,,,CDU,cdu,area/baden-württemberg,Baden-Württemberg,Bundestag,5,,,"https://upload.wikimedia.org/wikipedia/commons/8/85/KAS-Biechele,_Hermann-Bild-1730-1.jpg",male,Q1593253
f07d11fa-fc1d-4ec0-a377-d77b5ead4267,Hermann Buschfort,Buschfort,,,,SPD,spd,area/nordrhein-westfalen,Nordrhein-Westfalen,Bundestag,5,,,,male,Q1610791
a8f6cbe1-f2bf-42ea-ab2b-c08a05d10cf4,Hermann Busse,Busse!,,,,FDP,fdp,area/nordrhein-westfalen,Nordrhein-Westfalen,Bundestag,5,,,,male,Q1610801
323ea0cd-a01b-434d-aa51-e1afac963d16,Hermann Conring,Conring!,,,,CDU,cdu,area/niedersachsen,Niedersachsen,Bundestag,5,,,,male,Q1610849
6738f921-dadb-4e2b-a080-04c5885c198c,Hermann Diebäcker,Diebacker!,,,,CDU,cdu,area/nordrhein-westfalen,Nordrhein-Westfalen,Bundestag,5,,,,male,Q1310196
1069d967-4c28-4624-8dd3-b068fa002496,Hermann Dortans,Dortans!,,,,SPD,spd,area/nordrhein-westfalen,Nordrhein-Westfalen,Bundestag,5,1969-06-30,,,male,Q1309894
abb3e368-658b-466a-91d4-5333034775cc,Hermann Glüsing,Glusing!,,,,CDU,cdu,area/schleswig-holstein,Schleswig-Holstein,Bundestag,5,,,,male,Q1339043
152c59df-ea0c-4f09-b002-ddb2b93e8bad,Hermann Götz,"Götz, Hermann",,,,CDU,cdu,area/hessen,Hessen,Bundestag,5,,,,male,Q1611332
7579374d-17b1-47be-8559-f2a5b274af26,Hermann Haage,Haage!,,,,SPD,spd,area/bayern,Bayern,Bundestag,5,,,,male,Q1611342
727df69e-6597-4b33-8962-cc2be1baf8b0,Hermann Hansing,Hansing!,,,,SPD,spd,area/bremen,Bremen,Bundestag,5,,,,male,Q1392347
a2660fb0-f019-4c65-abcc-f8fd045b6306,Hermann Herberts,Herberts!,,,,SPD,spd,area/nordrhein-westfalen,Nordrhein-Westfalen,Bundestag,5,,,,male,Q1611461
95851c7f-d8aa-4f15-9cc9-3a4d8faf0ded,Hermann Höcherl,"Höcherl, Hermann",,,,CSU,csu,area/bayern,Bayern,Bundestag,5,,,"https://upload.wikimedia.org/wikipedia/commons/b/b8/Bundesarchiv_Bild_183-92106-0011,_Hermann_Höcherl.jpg",male,Q69115
9aac18d4-3874-4549-aa08-2157f1aa26ac,Hermann Josef Russe,Russe!,,,,CDU,cdu,area/nordrhein-westfalen,Nordrhein-Westfalen,Bundestag,5,,,"https://upload.wikimedia.org/wikipedia/commons/3/3a/KAS-Russe,_Hermann_Josef-Bild-2867-2.jpg",male,Q1611678
4280e21d-20fd-448e-b27e-8a8adec400d3,Hermann Kopf,Kopf!,,,,CDU,cdu,area/baden-württemberg,Baden-Württemberg,Bundestag,5,,,,male,Q1611828
81aea258-0b5a-44dd-a351-27c50a7af0e1,Hermann Reinholz,Reinholz!,,,,CDU,cdu,area/rheinland-pfalz,Rheinland-Pfalz,Bundestag,5,1967-07-24,1967-10-07,,male,Q1612445
c6ee1910-6e21-43b2-9d93-661220144259,Hermann Saam,Saam!,,,,FDP,fdp,area/baden-württemberg,Baden-Württemberg,Bundestag,5,,,,male,Q1481948
0da28469-97ed-404b-a5a2-d18bf732cbd9,Hermann Schmidt,"Schmidt, Hermann!",,,,SPD,spd,area/nordrhein-westfalen,Nordrhein-Westfalen,Bundestag,5,,,,male,Q1321198
f48ce57e-c1ec-4a6e-805c-2232f154a814,Hermann Schmitt-Vockenhausen,Schmittvockenhausen!,,,,SPD,spd,area/hessen,Hessen,Bundestag,5,,,,male,Q1565855
ae019bd3-3c7b-4dd4-b262-7ad2235ce853,Hermann Schwörer,Schworer!,,,,CDU,cdu,area/baden-württemberg,Baden-Württemberg,Bundestag,5,,,"https://upload.wikimedia.org/wikipedia/commons/3/37/KAS-Schwörer,_Hermann-Bild-2045-1.jpg",male,Q1612710
d11dc995-c145-46f4-8f44-b38112b7ddfd,Hermann Spillecke,Spillecke!,,,,SPD,spd,area/nordrhein-westfalen,Nordrhein-Westfalen,Bundestag,5,,,,male,Q1381987
1dbc2e3b-8839-4776-b25f-ecb68079e15c,Hermann Stahlberg,Stahlberg!,,,,CDU,cdu,area/hessen,Hessen,Bundestag,5,,,,male,Q1612807
30aaeb40-ce64-425c-9ab8-7755ad5e1d18,Herwart Miessner,Miessner!,,,,FDP,fdp,area/niedersachsen,Niedersachsen,Bundestag,5,,,,male,Q1614855
39c30505-e9d6-426c-b5bd-ea62a70d5795,Hildegard Schimschok,"Schimschok, Hildegard",,,,SPD,spd,area/nordrhein-westfalen,Nordrhein-Westfalen,Bundestag,5,,,,female,Q1406790
6ecdb48e-73f9-43d2-9c68-52b107253396,Holger Börner,"Börner, Holger",,,,SPD,spd,area/hessen,Hessen,Bundestag,5,,,"https://upload.wikimedia.org/wikipedia/commons/d/d9/Bundesarchiv_B_145_Bild-F055060-0007A,_Köln,_SPD-Parteitag,_Börner_retouched.jpg",male,Q214038
70341621-c8bd-48b8-9994-15179b83235c,Horst Gerlach,"Gerlach, Horst",,,,SPD,spd,area/niedersachsen,Niedersachsen,Bundestag,5,,,,male,Q1629367
a584be44-469e-479f-bac4-7c42edae04c7,Horst Schmidt,"Schmidt, Horst!",,,,SPD,spd,area/hessen,Hessen,Bundestag,5,,,https://upload.wikimedia.org/wikipedia/commons/5/55/Dr.horst-schmidt.jpg,male,Q1629910
9d14565a-f2a1-4e5c-9c2b-f07c16a6608b,Hubert Lemper,Lemper!,,,,SPD,spd,area/nordrhein-westfalen,Nordrhein-Westfalen,Bundestag,5,,,,male,Q1633281
84ac5afa-6c16-4c9e-927a-43acfcd263b1,Hugo Collet,Collet!,,,,SPD,spd,area/rheinland-pfalz,Rheinland-Pfalz,Bundestag,5,,,,male,Q1634936
3ee43cad-328a-4902-b213-1796b96d4744,Hugo Hammans,Hammans!,,,,CDU,cdu,area/nordrhein-westfalen,Nordrhein-Westfalen,Bundestag,5,,,,male,Q1635112
ed92d411-8fee-467b-95db-945798687734,Hugo Hauser,"Hauser, Hugo",,,,CDU,cdu,area/baden-württemberg,Baden-Württemberg,Bundestag,5,,,,male,Q1293520
efc0a3a7-8815-4f03-b9f7-7dfc29eff46b,Ilse Elsner,Elsner!,,,,SPD,spd,area/hamburg,Hamburg,Bundestag,5,,,,female,Q1659107
cd3306ce-25c1-42e6-815d-77de6995ad36,Ingeborg Geisendörfer,Geisendorfer!,,,,CSU,csu,area/bayern,Bayern,Bundestag,5,,,,female,Q112234
ac7fd610-5e3f-47db-a164-7bea9713ac2f,Ingeborg Kleinert,Kleinert!,,,,SPD,spd,area/hessen,Hessen,Bundestag,5,1967-12-14,,,female,Q1662899
5515876a-b675-4ace-8753-0a38b2721b06,Irma Blohm,Blohm!,,,,CDU,cdu,area/hamburg,Hamburg,Bundestag,5,,,"https://upload.wikimedia.org/wikipedia/commons/d/dd/KAS-Blohm,_Irma-Bild-1810-1.jpg",female,Q1672959
2f2874f4-33bb-474f-a182-fcf00326d5eb,J. Hermann Siemer,Siemer!,,,,CDU,cdu,area/niedersachsen,Niedersachsen,Bundestag,5,,,"https://upload.wikimedia.org/wikipedia/commons/3/34/KAS-Siemer,_Hermann-Bild-415-1.jpg",male,Q1676334
ab05ba5d-b6a4-42df-937e-fb1c04465b52,Jakob Franzen,Franzen!,,,,CDU,cdu,area/rheinland-pfalz,Rheinland-Pfalz,Bundestag,5,,,,male,Q1527563
ecebffc4-de13-456d-a7d1-eaeb77dd0310,Jakob Koenen,Koenen!,,,,SPD,spd,area/nordrhein-westfalen,Nordrhein-Westfalen,Bundestag,5,,,,male,Q1679165
b6aa2ff3-b21f-4b3f-a1f5-12e6f6ac344f,Joachim Raffert,Raffert!,,,,SPD,spd,area/niedersachsen,Niedersachsen,Bundestag,5,,,,male,Q1690385
04f1b364-6477-4d7c-a14c-1cfba6b5aba1,Johann Baptist Gradl,Gradl!,,,,CDU,cdu,area/berlin,Berlin,Bundestag,5,,,"https://upload.wikimedia.org/wikipedia/commons/2/22/Bundesarchiv_B_145_Bild-F023374-0014,_Bonn,_Plenarsitzung_Bundesrat,_Gradl.jpg",male,Q96959
e2dd6b00-5bca-4307-b8f4-79c21179b7f1,Johann Cramer,Cramer!,,,,SPD,spd,area/niedersachsen,Niedersachsen,Bundestag,5,,,,male,Q1693149
5b2754ea-f553-4151-9803-150a59439221,Johann Klein,Klein!,,,,CDU,cdu,area/saarland,Saarland,Bundestag,5,,,,male,Q1695154
db66eac4-7abb-403e-a39e-77a8f9c6719f,Johann Peter Josten,Josten!,,,,CDU,cdu,area/rheinland-pfalz,Rheinland-Pfalz,Bundestag,5,,,,male,Q1695791
da1220af-ec2e-4bee-8781-c5d17648e036,Johann Wuwer,Wuwer!,,,,SPD,spd,area/nordrhein-westfalen,Nordrhein-Westfalen,Bundestag,5,,,,male,Q1696707
5824b390-82c2-48fc-a12f-c53ae36bc024,Johannes Baptist Rösler,Rosler!,,,,CDU,cdu,area/rheinland-pfalz,Rheinland-Pfalz,Bundestag,5,1969-09-24,,,male,Q1660634
be110b6a-66ac-41a2-8bdb-4dfe4ad391c4,Johannes Müller,"Muller, Johannes!",,,,CDU,cdu,area/berlin,Berlin,Bundestag,5,,,,male,Q1254014
21c7fad8-adca-4a5f-90a3-2c6691b09692,Josef Bauer,"Bauer, Josef!",,,,CSU,csu,area/bayern,Bayern,Bundestag,5,,,,male,Q114596
fee479a0-c71e-4376-b525-0049cc214920,Josef Becker,"Becker, Josef!",,,,CDU,cdu,area/rheinland-pfalz,Rheinland-Pfalz,Bundestag,5,,,"https://upload.wikimedia.org/wikipedia/commons/2/2a/KAS-Becker,_Josef-Bild-19701-2.jpg",male,Q1695286
2b6367ea-9fa3-4acb-8b1a-86620b54832e,Josef Braun,Braun !,,,,SPD,spd,area/berlin,Berlin,Bundestag,5,,1966-07-17,,male,Q1704369
cc4e9c47-96f8-4701-a2d8-8ac8a6f2ed3b,Josef Effertz,Effertz!,,,,FDP,fdp,area/nordrhein-westfalen,Nordrhein-Westfalen,Bundestag,5,,1968-03-04,,male,Q1416964
83d8b2a2-7a9e-4d0f-b413-c0ee56c81b53,Josef Ertl,Ertl!,,,,FDP,fdp,area/bayern,Bayern,Bundestag,5,,,"https://upload.wikimedia.org/wikipedia/commons/5/57/Bundesarchiv_B_145_Bild-F053620-0004,_Josef_Ertl.jpg",male,Q72637
b4130a66-33e6-4139-b0a4-7de84c5c98e2,Josef Felder,Felder!,,,,SPD,spd,area/bayern,Bayern,Bundestag,5,,,,male,Q103836
8640211f-0699-4b4b-a517-4e47de2b4978,Josef Hellenbrock,Hellenbrock!,,,,SPD,spd,area/nordrhein-westfalen,Nordrhein-Westfalen,Bundestag,5,,,,male,Q1704784
a98aa95a-63e6-4ad1-9a38-48af04bdd6ba,Josef Hofmann,"Hofmann, Josef!",,,,CDU,cdu,area/rheinland-pfalz,Rheinland-Pfalz,Bundestag,5,,,"https://upload.wikimedia.org/wikipedia/commons/3/30/KAS-Hofmann,_Josef-Bild-19557-1.jpg",male,Q1704826
f2d41adb-667f-4b6a-9c47-6620020f3cc4,Josef Hufnagel,Hufnagel!,,,,SPD,spd,area/nordrhein-westfalen,Nordrhein-Westfalen,Bundestag,5,,,"https://upload.wikimedia.org/wikipedia/commons/8/88/Bundesarchiv_B_145_Bild-F020365-0016,_Bonn,_Bundesverdienstkreuz_an_Bundestagsmitglieder.jpg",male,Q1552857
f53af708-3b4a-4005-adf1-0d3cc225ddf4,Josef Löbbert,"Löbbert, Josef",,,,SPD,spd,area/nordrhein-westfalen,Nordrhein-Westfalen,Bundestag,5,,,,male,Q1705175
bf349818-2d57-43b9-9e87-5d59d188cbe4,Josef Mick,"Mick, Josef",,,,CDU,cdu,area/nordrhein-westfalen,Nordrhein-Westfalen,Bundestag,5,,,,male,Q1510052
f5e82ada-386c-47de-8bf7-6aaf2053e382,Josef Müller,"Muller, Josef!",,,,CDU,cdu,area/nordrhein-westfalen,Nordrhein-Westfalen,Bundestag,5,,,,male,Q1705338
d89497aa-d303-4163-8e38-eff4fd700853,Josef Porten,Porten!,,,,CDU,cdu,area/nordrhein-westfalen,Nordrhein-Westfalen,Bundestag,5,,,,male,Q1705479
30206325-6054-4a13-a995-b6178ba5c5c4,Josef Rommerskirchen,"Rommerskirchen, Josef",,,,CDU,cdu,area/nordrhein-westfalen,Nordrhein-Westfalen,Bundestag,5,,,"https://upload.wikimedia.org/wikipedia/commons/3/38/KAS-Rommerskirchen,_Josef-Bild-2225-1.jpg",male,Q1506825
81dbf52f-7a68-4003-9c69-fe8ee7135407,Josef Rösing,Rosing!,,,,CDU,cdu,area/nordrhein-westfalen,Nordrhein-Westfalen,Bundestag,5,,,,male,Q1705589
94190a01-5c0a-4dba-94ca-b81a5823e08d,Josef Schmitt,"Schmitt, Josef",,,,CDU,cdu,area/saarland,Saarland,Bundestag,5,,,,male,Q1705672
bf237ce3-974d-470d-ad72-0761a9c2ec59,Josef Spies,Spies!,,,,CSU,csu,area/bayern,Bayern,Bundestag,5,1969-08-04,,,male,Q1705794
c4f725fb-441b-4b4f-a591-8e55f1ffa932,Josef Stecker,Stecker!,,,,CDU,cdu,area/niedersachsen,Niedersachsen,Bundestag,5,,,,male,Q1432991
1af230a4-a214-4946-afaa-e5a2dd290d86,Josef Stingl,Stingl!,,,,CDU,cdu,area/berlin,Berlin,Bundestag,5,,1968-06-15,,male,Q120800
89b9902d-f3aa-40fd-bad1-53e8997bd390,Joseph Illerhaus,Illerhaus!,,,,CDU,cdu,area/nordrhein-westfalen,Nordrhein-Westfalen,Bundestag,5,,,,male,Q1519658
f01d566b-8cab-4b58-9222-f30b661ca1c2,Kai-Uwe von Hassel,Hassel!,,,,CDU,cdu,area/schleswig-holstein,Schleswig-Holstein,Bundestag,5,,,"https://upload.wikimedia.org/wikipedia/commons/6/64/Bundesarchiv_B_145_Bild-F054635-0032,_Ludwigshafen,_CDU-Bundesparteitag,_von_Hassel.jpg",male,Q65526
27a2c99f-85ea-4851-a89d-4d7f8deb900f,Karl Bechert,Bechert!,,,,SPD,spd,area/hessen,Hessen,Bundestag,5,,,,male,Q78089
45b110b0-c3d2-44aa-ac1c-ffcc98d246f5,Karl Bergmann,Bergmann!,,,,SPD,spd,area/nordrhein-westfalen,Nordrhein-Westfalen,Bundestag,5,,,,male,Q1730475
0ed8535b-a552-4200-a20d-d604d66f4124,Karl Bewerunge,"Bewerunge, Karl",,,,CDU,cdu,area/nordrhein-westfalen,Nordrhein-Westfalen,Bundestag,5,,,"https://upload.wikimedia.org/wikipedia/commons/7/7a/Bundesarchiv_B_145_Bild-F038035-0017,_Wiesbaden,_CDU-Parteitag,_Bewerunge.jpg",male,Q1706878
1fece6a4-93e1-4d44-9d0d-898159f48cc5,Karl Bühler,Buhler!,,,,CDU,cdu,area/baden-württemberg,Baden-Württemberg,Bundestag,5,,,,male,Q1730627
373dacb7-3b71-4cd8-843a-853af89d4942,Karl Geldner,"Geldner, Karl",,,,FDP,fdp,area/bayern,Bayern,Bundestag,5,,,,male,Q1731213
944a9edc-f981-4fb7-8a5c-e6fa9857b29e,Karl Haehser,Haehser!,,,,SPD,spd,area/rheinland-pfalz,Rheinland-Pfalz,Bundestag,5,,,"https://upload.wikimedia.org/wikipedia/commons/9/90/Bundesarchiv_B_145_Bild-F062774-0029,_München,_SPD-Parteitag,_Offergeld,_Haehser.jpg",male,Q1731391
358b5628-f7d3-4c0a-ae91-cf98d3f38b79,Karl Hahn,Hahn!,,,,CDU,cdu,area/nordrhein-westfalen,Nordrhein-Westfalen,Bundestag,5,,,"https://upload.wikimedia.org/wikipedia/commons/0/0e/KAS-Hahn,_Karl-Bild-5995-1.jpg",male,Q1731400
40b01fc4-5eb3-42cc-a435-231876c3e3bb,Karl Heinz Gierenstein,Gierenstein!,,,,CSU,csu,area/bayern,Bayern,Bundestag,5,,,,male,Q1731529
cdeb49a9-baee-4513-a140-edbc57cc2cc0,Karl Heinz Lemmrich,Lemmrich,,,,CSU,csu,area/bayern,Bayern,Bundestag,5,,,,male,Q1731553
5f582444-a970-4825-8458-b14a5c76c4e1,Karl Herold,"Herold, Karl",,,,SPD,spd,area/bayern,Bayern,Bundestag,5,,,https://upload.wikimedia.org/wikipedia/commons/3/30/KarlHerold.jpg,male,Q1731612
258c90b8-0463-4184-8762-fd57517271ed,Karl Hofmann,Hofmann!,,,,SPD,spd,area/bayern,Bayern,Bundestag,5,,,,male,Q1668724
1497fae5-3000-4b90-81c8-d29ec1014b5d,Karl Krammig,Krammig!,,,,CDU,cdu,area/bremen,Bremen,Bundestag,5,,,"https://upload.wikimedia.org/wikipedia/commons/4/4c/KAS-Krammig,_Karl-Bild-22387-2.jpg",male,Q1234608
4673b16b-b46b-4e6c-9037-78a05aaca161,Karl Liedtke,Liedtke!,,,,SPD,spd,area/nordrhein-westfalen,Nordrhein-Westfalen,Bundestag,5,,,,male,Q1322149
46e41b85-292a-4268-9232-4a14485b5e6c,Karl Moersch,"Moersch, Karl",,,,FDP,fdp,area/baden-württemberg,Baden-Württemberg,Bundestag,5,,,,male,Q1732393
46c25787-8feb-4cd5-92ec-1ca345a38820,Karl Mommer,Mommer!,,,,SPD,spd,area/baden-württemberg,Baden-Württemberg,Bundestag,5,,,,male,Q1560014
7ee1f54f-1af1-40de-a642-b91126fac976,Karl Müller,"Muller, Karl!",,,,SPD,spd,area/baden-württemberg,Baden-Württemberg,Bundestag,5,,,,male,Q1400295
ee330e53-5482-4ce3-aab9-d7c8621c1d9c,Karl Ravens,Ravens!,,,,SPD,spd,area/niedersachsen,Niedersachsen,Bundestag,5,,,"https://upload.wikimedia.org/wikipedia/commons/f/fd/Bundesarchiv_B_145_Bild-F055059-0025,_Köln,_SPD-Parteitag,_Ravens.jpg",male,Q85853
1345eb90-1850-4ef0-bc48-b6e7241d36dd,Karl Regling,Regling!,,,,SPD,spd,area/schleswig-holstein,Schleswig-Holstein,Bundestag,5,,,,male,Q1688091
e2779c6e-f329-4bfe-9472-ce5a9c081097,Karl Riegel,Riegel!,,,,SPD,spd,area/baden-württemberg,Baden-Württemberg,Bundestag,5,,,,male,Q1393584
655c8b94-30fb-45d8-9638-c0b018264646,Karl Schiller,"Schiller, Karl!",,,,SPD,spd,area/berlin,Berlin,Bundestag,5,,,"https://upload.wikimedia.org/wikipedia/commons/4/46/Bundesarchiv_B_145_Bild-F029983-0017,_Bonn,_SPD-Pressekonferenz,_Karl_Schiller.jpg",male,Q65513
cd208e08-fd01-4d20-a1fe-27262c2d89cf,Karl Theodor Freiherr von und zu Guttenberg,Guttenberg!,,,,CSU,csu,area/bayern,Bayern,Bundestag,5,,,https://upload.wikimedia.org/wikipedia/commons/3/3e/Karl_Theodor_Freiherr_von_und_zu_Guttenberg.jpg,male,Q97122
94f3caab-1ee1-4fbe-ada3-6d5fbb8a1bcf,Karl Wienand,"Wienand, Karl",,,,SPD,spd,area/nordrhein-westfalen,Nordrhein-Westfalen,Bundestag,5,,,"https://upload.wikimedia.org/wikipedia/commons/d/de/Bundesarchiv_B_145_Bild-F032087-0014,_Kanzleramt,_Sommerfest,_Udo_Jürgens,_cropped.jpg",male,Q1733376
d3be1f2c-890f-42be-8481-51ebee28ad3d,Karl Wieninger,Wieninger!,,,,CSU,csu,area/bayern,Bayern,Bundestag,5,,,,male,Q1704770
70d93dbb-3ad7-43f6-a28f-4fae164e2eeb,Karl-Hans Kern,"Kern, Karl-Hans",,,,SPD,spd,area/baden-württemberg,Baden-Württemberg,Bundestag,5,1967-02-27,,,male,Q1729784
b964b075-9569-438b-b5ca-204ce57ef40b,Karl-Heinz Exner,Exner!,,,,CDU,cdu,area/nordrhein-westfalen,Nordrhein-Westfalen,Bundestag,5,,,,male,Q1729842
37322068-0001-42cb-a663-5b6bb51b4b72,Karl-Heinz Saxowski,Saxowski!,,,,SPD,spd,area/nordrhein-westfalen,Nordrhein-Westfalen,Bundestag,5,,,,male,Q1232359
f360c33e-5218-4c60-876a-d7ea96847d8c,Karl-Heinz Vogt,Vogt!,,,,CSU,csu,area/bayern,Bayern,Bundestag,5,,,,male,Q1730010
ce40fec9-0ba1-4028-aa01-0ebf8ff0a900,Karl-Walter Fritz,"Fritz, Karl!",,,,SPD,spd,area/hessen,Hessen,Bundestag,5,,,,male,Q1494915
f24522de-4a6e-4570-9a23-41912612afd8,Karl-Wilhelm Berkhan,Berkhan!,,,,SPD,spd,area/hamburg,Hamburg,Bundestag,5,,,,male,Q115395
33d871df-364d-49bc-927e-e142553e7f28,Klaus Dieter Arndt,"Arndt, Klaus Dieter",,,,SPD,spd,area/berlin,Berlin,Bundestag,5,,,"https://upload.wikimedia.org/wikipedia/commons/d/db/Bundesarchiv_B_145_Bild-F039405-0007,_Hannover,_SPD-Bundesparteitag,_Arndt.jpg",male,Q1320363
5db44dc7-a516-4032-8040-6aaba9432cd4,Klaus Hübner,Hubner!,,,,SPD,spd,area/nordrhein-westfalen,Nordrhein-Westfalen,Bundestag,5,1966-12-06,1969-01-14,,male,Q1735003
93eae056-38e6-440a-bb11-5e3b900e132e,Klaus Richter,"Richter, Klaus",,,,SPD,spd,area/baden-württemberg,Baden-Württemberg,Bundestag,5,,,,male,Q1745607
8e538c02-4088-4627-9ae0-044b626cdba6,Klaus Schmid-Burgk,Schmidburgk!,,,,CDU,cdu,area/hamburg,Hamburg,Bundestag,5,,,,male,Q1745661
c34b3bea-bad3-496f-8b5e-2eb3e0b4bb89,Klaus-Peter Schulz,"Schulz, Klaus-Peter",,,,SPD,spd,area/berlin,Berlin,Bundestag,5,,,,male,Q1744824
e689e462-9d5e-4e5e-a5e6-51bfa0b2df30,Knut von Kühlmann-Stumm,"Kühlmann-Stumm, Knut von",,,,FDP,fdp,area/hessen,Hessen,Bundestag,5,,,,male,Q109177
fd42a445-d9d2-4a9e-ad5b-b5e6ae18a124,Konrad Adenauer,Adenauer!,,,,CDU,cdu,area/nordrhein-westfalen,Nordrhein-Westfalen,Bundestag,5,,1967-04-19,"https://upload.wikimedia.org/wikipedia/commons/8/86/Bundesarchiv_B_145_Bild-F078072-0004,_Konrad_Adenauer.jpg",male,Q2492
60d04f42-d36e-4fb8-86e9-8925c4bab801,Konrad Kraske,Kraske!,,,,CDU,cdu,area/nordrhein-westfalen,Nordrhein-Westfalen,Bundestag,5,,,"https://upload.wikimedia.org/wikipedia/commons/2/2a/Bundesarchiv_B_145_Bild-F038040-0029,_Wiesbaden,_CDU-Parteitag,_Kraske.jpg",male,Q124098
7582ff8e-ae06-4e7f-9b8c-cdb47a8b2170,Konrad Porzner,Porzner,,,,SPD,spd,area/bayern,Bayern,Bundestag,5,,,,male,Q121730
18fca5d9-ecbc-4af4-9c1c-acd877ff3c3b,Konstantin Prinz von Bayern,Bayern!,,,,CSU,csu,area/bayern,Bayern,Bundestag,5,,1969-07-30,,male,Q71196
e2f479fb-9ccc-4348-851e-ebe164efbc19,Kurt Birrenbach,"Birrenbach, Kurt",,,,CDU,cdu,area/nordrhein-westfalen,Nordrhein-Westfalen,Bundestag,5,,,,male,Q1793403
d09c8f37-9b76-4a56-b6a6-f7645c1b5e15,Kurt Gscheidle,Gscheidle!,,,,SPD,spd,area/hessen,Hessen,Bundestag,5,,,,male,Q69145
eff331f6-5b13-4529-80dc-120d7dc6ae47,Kurt Härzschel,"Härzschel, Kurt",,,,CDU,cdu,area/baden-württemberg,Baden-Württemberg,Bundestag,5,1967-10-19,,,male,Q1575224
5ba6a9e5-af1f-475f-a876-1e45b151257a,Kurt Jung,"Jung, Kurt!",,,,FDP,fdp,area/rheinland-pfalz,Rheinland-Pfalz,Bundestag,5,1966-05-17,,,male,Q1793703
87461a2c-dc4b-448e-ac76-54201c098698,Kurt Matthes,Matthes!,,,,SPD,spd,area/nordrhein-westfalen,Nordrhein-Westfalen,Bundestag,5,,,,male,Q1714064
299aac8c-bfd7-44af-a826-83888c2819dc,Kurt Mattick,Mattick!,,,,SPD,spd,area/berlin,Berlin,Bundestag,5,,,,male,Q1793852
17a53a5f-fd76-44ca-9beb-5c8e02a5a64b,Kurt Ross,Ross!,,,,SPD,spd,area/niedersachsen,Niedersachsen,Bundestag,5,1966-09-21,,,male,Q1562891
0cc431ec-6c1f-4e68-8be7-ec6b9fe66177,Kurt Schmücker,Schmucker!,,,,CDU,cdu,area/niedersachsen,Niedersachsen,Bundestag,5,,,https://upload.wikimedia.org/wikipedia/commons/2/21/Kurt_Schmücker1.jpg,male,Q73927
cbc5f0bb-83be-40b2-b0d4-e43634a2600d,Kurt Schober,Schober!,,,,CDU,cdu,area/nordrhein-westfalen,Nordrhein-Westfalen,Bundestag,5,,,,male,Q1794070
6d831409-ecc1-49ad-92fa-6ed26319953b,Kurt Spitzmüller,Spitzmuller!,,,,FDP,fdp,area/baden-württemberg,Baden-Württemberg,Bundestag,5,,,,male,Q1408590
0752df1c-fb21-403f-bf1e-f62dc3f4ba86,Käte Strobel,Strobel!,,,,SPD,spd,area/bayern,Bayern,Bundestag,5,,,"https://upload.wikimedia.org/wikipedia/commons/d/d1/Bundesarchiv_B_145_Bild-F024641-0036,_Landesvertretung_Niedersachsen,_Empfang,_Strobel,_Zinn,_Schäfer.jpg",female,Q71560
c90f1289-9e64-431e-8f11-981eab2d0c57,Lambert Huys,Huys!,,,,CDU,cdu,area/niedersachsen,Niedersachsen,Bundestag,5,,,"https://upload.wikimedia.org/wikipedia/commons/9/9d/KAS-Huys,_Lambert-Bild-2547-2.jpg",male,Q1801371
5891450c-6032-4acf-aa97-c2a9e8c0c649,Leo Ernesti,Ernesti!,,,,CDU,cdu,area/nordrhein-westfalen,Nordrhein-Westfalen,Bundestag,5,1967-03-09,,,male,Q1818541
5a6fd546-8356-4f5a-8f4b-cb8b68583a6b,Leo Gottesleben,Gottesleben!,,,,CDU,cdu,area/saarland,Saarland,Bundestag,5,,,,male,Q1494613
e048975c-5335-4f29-b194-6717450acb96,Leo Wagner,"Wagner, Leo",,,,CSU,csu,area/bayern,Bayern,Bundestag,5,,,,male,Q1818771
19aceecc-a38b-40a5-9555-5aa537bd7acc,Lieselotte Holzmeister,Holzmeister!,,,,CDU,cdu,area/rheinland-pfalz,Rheinland-Pfalz,Bundestag,5,1968-02-05,,https://upload.wikimedia.org/wikipedia/commons/f/f1/Holzmeister-Orff-klein.jpg,female,Q1528802
efc52c30-f8dc-4c8d-af1b-a591e9841519,Linus Memmel,"Memmel, Linus",,,,CSU,csu,area/bayern,Bayern,Bundestag,5,,,,male,Q1110443
fd212c5b-9411-4a2e-a448-abe702cade7e,Lisa Korspeter,Korspeter!,,,,SPD,spd,area/niedersachsen,Niedersachsen,Bundestag,5,,,,female,Q1827744
50865690-b332-48de-8486-3b52fad2b87f,Liselotte Funcke,Funcke!,,,,FDP,fdp,area/nordrhein-westfalen,Nordrhein-Westfalen,Bundestag,5,,,https://upload.wikimedia.org/wikipedia/commons/f/f5/LiselotteFuncke02.jpg,female,Q1485298
a40cabec-8676-4137-95ab-adc3b755dcc9,Liselotte Pieser,Pieser!,,,,CDU,cdu,area/berlin,Berlin,Bundestag,5,1968-06-26,,,female,Q1827949
f771eac2-3066-48bf-a239-5069fa270fe4,Lothar Haase,"Haase, Lothar!",,,,CDU,cdu,area/hessen,Hessen,Bundestag,5,,,,male,Q1525172
202a47ae-634d-4aa4-8d0e-bafbebeaff13,Lucie Kurlbaum-Beyer,Kurlbaumbeyer!,,,,SPD,spd,area/hessen,Hessen,Bundestag,5,,,,female,Q1873328
da1291a0-5eef-44fa-a402-97afb258cf50,Ludwig Erhard,"Erhard, Ludwig!",,,,CDU,cdu,area/baden-württemberg,Baden-Württemberg,Bundestag,5,,,"https://upload.wikimedia.org/wikipedia/commons/2/23/Bundesarchiv_B_145_Bild-F004204-0003,_Ludwig_Erhard_mit_seinem_Buch.jpg",male,Q2496
5665d3fd-633a-460c-b3d5-aaac1347fa98,Ludwig Fellermaier,Fellermaier!,,,,SPD,spd,area/bayern,Bayern,Bundestag,5,,,,male,Q1874372
f94af833-7eff-409f-9689-80cc95c5ddc1,Ludwig Franz,"Franz, Ludwig",,,,CSU,csu,area/bayern,Bayern,Bundestag,5,,,,male,Q109843
149355ae-8f74-4911-ae2e-36489352a42e,Ludwig Hamm,Hamm!,,,,FDP,fdp,area/rheinland-pfalz,Rheinland-Pfalz,Bundestag,5,,1966-05-12,,male,Q1399134
ad2b0a22-b2e9-4756-a097-47509a646bac,Ludwig Knobloch,Knobloch!,,,,CDU,cdu,area/rheinland-pfalz,Rheinland-Pfalz,Bundestag,5,1967-07-24,,"https://upload.wikimedia.org/wikipedia/commons/1/13/KAS-Knobloch,_Ludwig-Bild-2551-1.jpg",male,Q1383610
d2bf42cc-576b-41f7-9559-37b4010ad050,Ludwig Metzger,Metzger!,,,,SPD,spd,area/hessen,Hessen,Bundestag,5,,,,male,Q1874784
d2f26fae-52ac-42c8-870d-2a58e204a56a,Ludwig Preiß,Preiss!,,,,CDU,cdu,area/hessen,Hessen,Bundestag,5,,,,male,Q1149815
e6c2913a-66f6-4624-98dd-28a82fb4bed3,Luise Albertz,Albertz!,,,,SPD,spd,area/nordrhein-westfalen,Nordrhein-Westfalen,Bundestag,5,,,,female,Q1277445
c5563ee7-1dce-4cca-892d-38dd4a3bd7d0,Luise Herklotz,Herklotz!,,,,SPD,spd,area/rheinland-pfalz,Rheinland-Pfalz,Bundestag,5,,,,female,Q1876615
b9db9729-803f-4c7d-a164-5587f8f0bf62,Manfred Abelein,Abelein,,,,CDU,cdu,area/baden-württemberg,Baden-Württemberg,Bundestag,5,,,"https://upload.wikimedia.org/wikipedia/commons/d/d4/KAS-Abelein,_Manfred-Bild-2543-1.jpg",male,Q109221
0dd895f5-9be1-445e-96f4-7671158385d4,Manfred Luda,Luda!,,,,CDU,cdu,area/nordrhein-westfalen,Nordrhein-Westfalen,Bundestag,5,,,"https://upload.wikimedia.org/wikipedia/commons/7/7f/Bundesarchiv_B_145_Bild-F041447-0004,_Hamburg,_CDU-Bundesparteitag.jpg",male,Q1889678
3412932d-e2ef-4749-96bc-a0ed8c563bac,Manfred Schlager,Schlager!,,,,CSU,csu,area/bayern,Bayern,Bundestag,5,,,,male,Q1889887
610d8865-1446-4ab7-a500-be9d8ec1bf57,Manfred Schulte,"Schulte, Manfred!",,,,SPD,spd,area/nordrhein-westfalen,Nordrhein-Westfalen,Bundestag,5,,,,male,Q1432847
666cab19-f3fe-474e-ae81-211c0bd1b62a,Manfred Wörner,Worner,,,,CDU,cdu,area/baden-württemberg,Baden-Württemberg,Bundestag,5,,,https://upload.wikimedia.org/wikipedia/commons/7/7a/Manfred_Woerner_1993.jpg,male,Q60777
b37e090f-0069-415d-b7a5-4e457e2d4141,Margarete Berger-Heise,Bergerheise!,,,,SPD,spd,area/berlin,Berlin,Bundestag,5,,,,female,Q1894946
82fe596f-8864-49ef-a032-ddd9733647e0,Margarete Rudoll,Rudoll!,,,,SPD,spd,area/nordrhein-westfalen,Nordrhein-Westfalen,Bundestag,5,,,,female,Q1489045
6a821fc7-54d3-4966-8a80-6e1ccf909814,Margot Kalinke,Kalinke!,,,,CDU,cdu,area/niedersachsen,Niedersachsen,Bundestag,5,,,"https://upload.wikimedia.org/wikipedia/commons/f/f7/KAS-Kalinke,_Margot-Bild-1954-1.jpg",female,Q122618
97ebed19-2815-4414-bbfc-ea35e26daf7c,Maria Jacobi,"Jacobi, Maria!",,,,CDU,cdu,area/nordrhein-westfalen,Nordrhein-Westfalen,Bundestag,5,,,"https://upload.wikimedia.org/wikipedia/commons/0/00/KAS-Jacobi,_Maria-Bild-6126-1.jpg",female,Q1895994
591d0c5b-a942-408e-b6c8-748bb07aa4bd,Maria Probst,Probst!,,,,CSU,csu,area/bayern,Bayern,Bundestag,5,,1967-05-01,,female,Q547966
b7b17fe3-d540-4560-a57e-d013a31990b8,Maria Stommel,"Stommel, Maria",,,,CDU,cdu,area/nordrhein-westfalen,Nordrhein-Westfalen,Bundestag,5,,,,female,Q1449990
6a0f3fbf-0a01-4572-bcee-da4f7eb3a1d7,Marie-Elisabeth Klee,Klee!,,,,CDU,cdu,area/rheinland-pfalz,Rheinland-Pfalz,Bundestag,5,,,"https://upload.wikimedia.org/wikipedia/commons/a/a0/KAS-Klee,_Marie-Elisabeth-Bild-19213-1.jpg",female,Q1725615
6af60d8b-8236-43e1-85eb-42e20322644d,Marta Schanzenbach,Schanzenbach!,,,,SPD,spd,area/baden-württemberg,Baden-Württemberg,Bundestag,5,,,https://upload.wikimedia.org/wikipedia/commons/a/ab/Marta_Schanzenbach.jpg,female,Q1902933
3792207b-2d00-451b-9fd8-10d05a13e768,Martin Frey,Frey!,,,,CDU,cdu,area/nordrhein-westfalen,Nordrhein-Westfalen,Bundestag,5,,,,male,Q1903780
8c1bf02c-5281-4ac8-adf7-a95efb0b10e7,Martin Hirsch,Hirsch!,,,,SPD,spd,area/bayern,Bayern,Bundestag,5,,,,male,Q2777657
ebcbdc70-c8c0-407a-87c4-a244188b3b4a,Martin Horstmeier,Horstmeier!,,,,CDU,cdu,area/nordrhein-westfalen,Nordrhein-Westfalen,Bundestag,5,,,"https://upload.wikimedia.org/wikipedia/commons/a/a8/KAS-Horstmeier,_Martin-Bild-1958-1.jpg",male,Q1904092
b1e37c81-875f-4134-abd7-f489886ac164,Martin Reichmann,Reichmann!,,,,FDP,fdp,area/baden-württemberg,Baden-Württemberg,Bundestag,5,,,,male,Q1904796
ef536ce4-6c65-4017-a8d2-30946c01d62b,Martin Wendt,Wendt!,,,,SPD,spd,area/nordrhein-westfalen,Nordrhein-Westfalen,Bundestag,5,,,,male,Q1905232
89feabeb-5cbb-418f-a0cf-93c943da25f2,Max Güde,Gude!,,,,CDU,cdu,area/baden-württemberg,Baden-Württemberg,Bundestag,5,,,,male,Q1912620
29eedddd-d09e-46e1-9cbb-7ff5878f7e8d,Max Schulze-Vorberg,"Schulze-Vorberg, Max",,,,CSU,csu,area/bayern,Bayern,Bundestag,5,,,,male,Q1593650
ac2110cb-8a33-4752-9d71-5488b2bf0e15,Max Seidel,Seidel!,,,,SPD,spd,area/bayern,Bayern,Bundestag,5,,,,male,Q1913446
e2f41370-fd32-4c54-97d3-c1536b95edae,Max Seither,Seither!,,,,SPD,spd,area/rheinland-pfalz,Rheinland-Pfalz,Bundestag,5,,,,male,Q1913447
a80e707c-2b67-4a37-b1e4-f8d565d1d23e,Nikolaus Jürgensen,Jurgensen!,,,,SPD,spd,area/hamburg,Hamburg,Bundestag,5,,,,male,Q1780705
af369464-e206-4166-a5bf-57a5acaa4b45,Olaf Baron von Wrangel,Wrangel!,,,,CDU,cdu,area/schleswig-holstein,Schleswig-Holstein,Bundestag,5,,,"https://upload.wikimedia.org/wikipedia/commons/d/db/KAS-Wrangel,_Olaf_von-Bild-2848-1.jpg",male,Q107181
3d015d71-62c7-46b4-a3e1-e8ef46b03bfa,Otto Eisenmann,Eisenmann!,,,,FDP,fdp,area/schleswig-holstein,Schleswig-Holstein,Bundestag,5,,1967-06-01,,male,Q1504489
dd6fd559-b15c-4d0a-9af4-fe0b52a279ee,Otto Schmidt,"Schmidt, Otto!",,,,CDU,cdu,area/nordrhein-westfalen,Nordrhein-Westfalen,Bundestag,5,,,,male,Q119070
7f7b43c2-1848-430d-9f13-3a064fef5c44,Otto Zink,Zink,,,,CDU,cdu,area/hessen,Hessen,Bundestag,5,,,"https://upload.wikimedia.org/wikipedia/commons/9/94/KAS-Zink,_Otto-Bild-921-2.jpg",male,Q2041099
f7c1f90e-2a94-4b80-85cc-1557fcb383f8,Paul Gibbert,Gibbert!,,,,CDU,cdu,area/rheinland-pfalz,Rheinland-Pfalz,Bundestag,5,,1967-12-30,,male,Q2059783
c983efaa-1952-4a77-8bb6-34a9b932cfec,Paul Kübler,Kubler!,,,,SPD,spd,area/baden-württemberg,Baden-Württemberg,Bundestag,5,,1969-08-09,,male,Q1778777
47abae41-991f-42fa-a14c-55ec6f051a83,Paul Lücke,Lucke!,,,,CDU,cdu,area/nordrhein-westfalen,Nordrhein-Westfalen,Bundestag,5,,,"https://upload.wikimedia.org/wikipedia/commons/5/56/Bundesarchiv_B_145_Bild-F013272-0041,_Bonn,_BMWo,_Konferenz_von_Wohnungsbauexperten.jpg",male,Q69098
a5bc8e13-9297-4a18-a90a-6d4a1c25c60f,Paul Neumann,"Neumann, Paul!",,,,SPD,spd,area/niedersachsen,Niedersachsen,Bundestag,5,,,,male,Q2061472
fa65b0a1-8bfd-4ddc-8bb8-345767dd8ce2,Paul Röhner,Rohner!,,,,CSU,csu,area/bayern,Bayern,Bundestag,5,,,,male,Q1749173
b6a3ace9-c647-4e38-8d35-3a5c5d6602c4,Peter Blachstein,Blachstein!,,,,SPD,spd,area/hamburg,Hamburg,Bundestag,5,,1968-05-31,,male,Q2073956
f85d477a-7ca3-4712-b2bc-5b649db916af,Peter Nellen,Nellen!,,,,SPD,spd,area/nordrhein-westfalen,Nordrhein-Westfalen,Bundestag,5,,,,male,Q1412785
b9acf206-4016-4cbd-a356-bbf9d3553395,Peter Petersen,Petersen,,,,CDU,cdu,area/baden-württemberg,Baden-Württemberg,Bundestag,5,,,,male,Q1643314
2608f26c-6867-4c1f-a399-08daf2d9e475,Peter Schmidhuber,Schmidhuber!,,,,CSU,csu,area/bayern,Bayern,Bundestag,5,,,,male,Q67956
1f3b7a89-3183-48a2-9a97-cb9246dd6817,Peter Tobaben,Tobaben!,,,,CDU,cdu,area/niedersachsen,Niedersachsen,Bundestag,5,,,,male,Q120706
30211272-5105-4f41-85f6-73a3f7950f58,Peter Wilhelm Brand,Brand!,,,,CDU,cdu,area/nordrhein-westfalen,Nordrhein-Westfalen,Bundestag,5,,,,male,Q1699697
bba5ad1e-c2d8-4f5c-9986-0cd5e66f70e6,Philipp Seibert,"Seibert, Philipp",,,,SPD,spd,area/bayern,Bayern,Bundestag,5,,,,male,Q2087203
cb67f5a8-9427-4b36-a6d9-f6c834bd3481,R. Martin Schmidt,"Schmidt, Martin!",,,,SPD,spd,area/niedersachsen,Niedersachsen,Bundestag,5,,,,male,Q1904965
08b7eeda-07df-41bf-a6a9-72dd5df427c9,Rainer Barzel,Barzel!,,,,CDU,cdu,area/nordrhein-westfalen,Nordrhein-Westfalen,Bundestag,5,,,"https://upload.wikimedia.org/wikipedia/commons/5/57/Bundesarchiv_Bild_175-Z02-00786,_Rainer_Barzel.jpg",male,Q470285
2c052a07-cc0a-4b3e-82e0-25ea6210fc66,Reinhard Bühling,Buhling!,,,,SPD,spd,area/berlin,Berlin,Bundestag,5,,,,male,Q2140637
ffca3b58-0628-4939-b1d6-bbe84ac72d8c,Reinhold Rehs,Rehs!,,,,SPD,spd,area/schleswig-holstein,Schleswig-Holstein,Bundestag,5,,,,male,Q100294
05f2cfd7-f5ce-47f7-b51c-a73f8275b4d6,Rembert van Delden,"Delden, Rembert van",,,,CDU,cdu,area/nordrhein-westfalen,Nordrhein-Westfalen,Bundestag,5,,,,male,Q2142861
a49aeb77-c1be-4b2c-92cf-fc01bf6fc504,Richard Jaeger,Jaeger!,,,,CSU,csu,area/bayern,Bayern,Bundestag,5,,,"https://upload.wikimedia.org/wikipedia/commons/1/12/Bundesarchiv_B_145_Bild-F079561-0003,_Bonn,_Gedenksitzung_Bundesrat,_Jaeger,_Oschatz.jpg",male,Q75955
b3803bfc-09dc-4580-a729-71762d8e958b,Richard Kohlberger,Kohlberger!,,,,SPD,spd,area/bayern,Bayern,Bundestag,5,,,,male,Q2149972
201df46c-3007-4e5f-8652-8b5c3fd028e8,Richard Stücklen,Stucklen,,,,CSU,csu,area/bayern,Bayern,Bundestag,5,,,"https://upload.wikimedia.org/wikipedia/commons/1/1f/Bundesarchiv_B_145_Bild-F083825-0008,_Rhöndorf,_Sitzung_Stiftung_Adenauer-Haus.jpg",male,Q454669
685dc6e4-833f-4e10-80a7-aebbdcd885ce,Richard Tamblé,Tamble!,,,,SPD,spd,area/schleswig-holstein,Schleswig-Holstein,Bundestag,5,,,,male,Q1623023
fce8ebbd-63a8-4c49-8b26-396dbb4651f5,Richard Wurbs,Wurbs!,,,,FDP,fdp,area/hessen,Hessen,Bundestag,5,,,,male,Q2150961
d9363bbe-6922-4933-93a8-1889b5de8ea3,Rolf Bremer,"Bremer, Rolf",,,,CDU,cdu,area/schleswig-holstein,Schleswig-Holstein,Bundestag,5,,,,male,Q2163273
0aa1c778-7f99-4a5c-8247-2afefa00c3ac,Rolf Dahlgrün,Dahlgrun!,,,,FDP,fdp,area/hamburg,Hamburg,Bundestag,5,,,,male,Q215094
1748ae6b-35c6-48c6-b757-d2cc34b82a95,Rolf Meinecke,Meinecke!,,,,SPD,spd,area/hamburg,Hamburg,Bundestag,5,,,https://upload.wikimedia.org/wikipedia/commons/4/49/Rolf_Meinecke_MdB_(retuschiert).jpg,male,Q2163627
6ecdd9ed-0ed7-479c-8e5d-d86c374a4f27,Rudi Adams,Adams!,,,,SPD,spd,area/nordrhein-westfalen,Nordrhein-Westfalen,Bundestag,5,1966-12-08,,,male,Q2171984
d05ec7bd-cf3e-40cd-ae9b-d6be7736342a,Rudi Lotze,Lotze!,,,,SPD,spd,area/niedersachsen,Niedersachsen,Bundestag,5,,,,male,Q2172082
6c0bcfe4-2042-488c-8203-1250579dfb54,Rudolf Hauck,Hauck!,,,,SPD,spd,area/niedersachsen,Niedersachsen,Bundestag,5,,,,male,Q2172872
16e6975f-f6d4-4ba7-b6d7-f20efbe66efa,Rudolf Hussong,Hussong!,,,,SPD,spd,area/saarland,Saarland,Bundestag,5,,1967-12-10,,male,Q1577352
03c427eb-2a56-4f49-b96f-6dc3ca865d4a,Rudolf Kaffka,Kaffka!,,,,SPD,spd,area/rheinland-pfalz,Rheinland-Pfalz,Bundestag,5,,,,male,Q2173108
c2a03972-7a1f-4fe8-91e3-470fb82f5815,Rudolf Opitz,"Opitz, Rudolf",,,,FDP,fdp,area/nordrhein-westfalen,Nordrhein-Westfalen,Bundestag,5,,,,male,Q1399578
375c9be2-72d8-495d-a686-de5bfac7f7ba,Siegfried Balke,Balke!,,,,CSU,csu,area/bayern,Bayern,Bundestag,5,,,https://upload.wikimedia.org/wikipedia/commons/7/7f/Rittner_Dr_Siegfried_Balke_1969.jpg,male,Q75966
d9354162-fc5f-4152-84aa-27c24557e59d,Siegfried Meister,Meister!,,,,CDU,cdu,area/baden-württemberg,Baden-Württemberg,Bundestag,5,,,,male,Q1472810
8f8dd8b3-5df2-4c5b-b019-edde3f992c6f,Siegfried Zoglmann,"Zoglmann, Siegfried",,,,FDP,fdp,area/nordrhein-westfalen,Nordrhein-Westfalen,Bundestag,5,,,,male,Q2283889
27d3525a-a35a-4089-b4c7-2ba0787b8e10,Stefan Dittrich,Dittrich!,,,,CSU,csu,area/bayern,Bayern,Bundestag,5,,,,male,Q104992
ef1bbdf3-db1b-46a5-a6a7-44321cd79571,Theodor Blank,Blank!,,,,CDU,cdu,area/nordrhein-westfalen,Nordrhein-Westfalen,Bundestag,5,,,https://upload.wikimedia.org/wikipedia/commons/c/c2/Bundeswehr-Foto_BVM001_Theodor_Blank.jpg,male,Q65542
422d4134-5bd0-45a1-8c05-8712a50accf9,Theodor Mengelkamp,Mengelkamp!,,,,CDU,cdu,area/nordrhein-westfalen,Nordrhein-Westfalen,Bundestag,5,,1967-07-21,,male,Q2417998
4132ed97-b16a-45a9-8b13-96184eed1d64,Theodor Teriete,Teriete!,,,,CDU,cdu,area/nordrhein-westfalen,Nordrhein-Westfalen,Bundestag,5,,,,male,Q113421
dadf76ba-b809-4f00-9176-f5fb84763e0f,Thomas Dehler,Dehler!,,,,FDP,fdp,area/bayern,Bayern,Bundestag,5,,1967-07-21,"https://upload.wikimedia.org/wikipedia/commons/b/b2/Bundesarchiv_B_145_Bild-F018867-0013,_Bonn,_Minister_aus_Südamerika_im_Bundestag.jpg",male,Q215092
9d9cd02c-7129-4215-b31d-f99bc8058720,Thomas Ruf,Ruf!,,,,CDU,cdu,area/baden-württemberg,Baden-Württemberg,Bundestag,5,,,,male,Q2426956
ea1d7aea-4e6d-4381-9fa4-eadf2c8ed6de,Udo Giulini,Giulini!,,,,CDU,cdu,area/rheinland-pfalz,Rheinland-Pfalz,Bundestag,5,,,"https://upload.wikimedia.org/wikipedia/commons/5/5d/KAS-Giulini,_Udo-Bild-854-2.jpg",male,Q1455164
f2fc5778-8d59-4418-b477-530728728292,Udo Hein,"Hein, Udo!",,,,SPD,spd,area/nordrhein-westfalen,Nordrhein-Westfalen,Bundestag,5,,1966-12-22,"https://upload.wikimedia.org/wikipedia/commons/9/96/Bundesarchiv_B_145_Bild-F024060-0007,_Udo_Hein.jpg",male,Q2473182
eade0efd-16a6-41f3-8e4e-023cc97b5486,Ulrich Berger,"Berger, Ulrich!",,,,CDU,cdu,area/nordrhein-westfalen,Nordrhein-Westfalen,Bundestag,5,,,"https://upload.wikimedia.org/wikipedia/commons/8/82/KAS-Berger,_Ulrich-Bild-1342-3.jpg",male,Q1303710
b7f2df70-0348-4541-9465-4529280e0e5f,Ulrich Lohmar,"Lohmar, Ulrich",,,,SPD,spd,area/nordrhein-westfalen,Nordrhein-Westfalen,Bundestag,5,,,,male,Q2476286
5153b46d-8321-44a6-b6f1-21fe21834a2e,Ursula Krips,Krips!,,,,SPD,spd,area/baden-württemberg,Baden-Württemberg,Bundestag,5,,1969-01-31,,female,Q2501721
cbf67479-5a53-4fe4-828a-31da1463da1e,Valentin Brück,"Bruck, Valentin!",,,,CDU,cdu,area/nordrhein-westfalen,Nordrhein-Westfalen,Bundestag,5,,,,male,Q2508254
78260a00-bdf2-4afe-9f31-afdc0523f1b6,Walter Althammer,Althammer!,,,,CSU,csu,area/bayern,Bayern,Bundestag,5,,,,male,Q103721
3a8558e0-6bdd-4a61-8f49-bab5fcd44ed9,Walter Arendt,Arendt!,,,,SPD,spd,area/nordrhein-westfalen,Nordrhein-Westfalen,Bundestag,5,,,"https://upload.wikimedia.org/wikipedia/commons/e/e2/Bundesarchiv_B_145_Bild-F048647-0044,_Dortmund,_SPD-Parteitag,_Walter_Arendt.jpg",male,Q84385
eb24436b-1288-446d-b4eb-dfd2616e41b8,Walter Becher,Becher!,,,,CSU (GDP),csu_(gdp),area/bayern,Bayern,Bundestag,5,,,,male,Q110156
b45fa3de-bfb3-4881-91ff-11e7b716d300,Walter Behrendt,"Behrendt, Walter",,,,SPD,spd,area/nordrhein-westfalen,Nordrhein-Westfalen,Bundestag,5,,,,male,Q213838
4a4119ad-03e3-40e5-bad4-9440dfcd2d3d,Walter Eckhardt,Eckhardt!,,,,CSU,csu,area/bayern,Bayern,Bundestag,5,,,,male,Q102062
2cad0e69-a147-420f-8586-27f9332e186b,Walter Faller,Faller!,,,,SPD,spd,area/baden-württemberg,Baden-Württemberg,Bundestag,5,,,,male,Q2544158
d4ded900-6aff-4817-a3e1-b96f50ee258a,Walter Fritsch,Fritsch!,,,,SPD,spd,area/bayern,Bayern,Bundestag,5,,,,male,Q2544321
98f47223-192c-4620-b7b4-d4b22a694cf7,Walter Langebeck,Langebeck!,,,,SPD,spd,area/bayern,Bayern,Bundestag,5,,,,male,Q2545296
affb12d6-6f1b-4dea-9a36-e48f21682457,Walter Löhr,Lohr!,,,,CDU,cdu,area/hessen,Hessen,Bundestag,5,,,,male,Q2545437
2377de4b-997e-4439-aed0-ec0879d1d0da,Walter Peters,"Peters, Walter!",,,,FDP,fdp,area/schleswig-holstein,Schleswig-Holstein,Bundestag,5,,,,male,Q2545769
422f0b2f-ad45-4ade-ae5c-1b5cb1880480,Walter Picard,Picard!,,,,CDU,cdu,area/hessen,Hessen,Bundestag,5,,,,male,Q2545777
9b5daafd-3bd3-4f96-a177-f9cfde74439c,Walter Scheel,"Scheel, Walter",,,,FDP,fdp,area/nordrhein-westfalen,Nordrhein-Westfalen,Bundestag,5,,,"https://upload.wikimedia.org/wikipedia/commons/4/46/Bundesarchiv_Bild_146-1989-047-20,_Walter_Scheel.jpg",male,Q2571
3cc80c0a-0ac5-44df-950f-ff6b28284dcf,Walter Schmidt,"Schmidt, Walter!",,,,SPD,spd,area/niedersachsen,Niedersachsen,Bundestag,5,,,,male,Q2546152
4f3bebf8-ec4f-4a62-a894-53b2ef89b72c,Walter Seuffert,Seuffert!,,,,SPD,spd,area/bayern,Bayern,Bundestag,5,,1967-10-18,,male,Q2546303
9529d6ff-5212-4824-acf4-e51f27748578,Walther Hellige,Hellige!,,,,FDP,fdp,area/niedersachsen,Niedersachsen,Bundestag,5,,,,male,Q2547208
b84ccaea-e7b6-402c-bebc-cb70e72b48df,Walther Leisler Kiep,Kiep!,,,,CDU,cdu,area/hessen,Hessen,Bundestag,5,,,"https://upload.wikimedia.org/wikipedia/commons/9/99/Bundesarchiv_B_145_Bild-F040153-0022,_Walter_Leisler_Kiep.jpg",male,Q2547309
952487c1-85bd-463f-b3bf-73423dfb3349,Wendelin Enders,Enders!,,,,SPD,spd,area/hessen,Hessen,Bundestag,5,1967-05-09,,,male,Q2558966
3137df04-56b7-406d-83ff-d733821a6f1d,Wenzel Jaksch,Jaksch!,,,,SPD,spd,area/nordrhein-westfalen,Nordrhein-Westfalen,Bundestag,5,,1966-11-27,,male,Q70009
79f9cc03-6a80-4610-9d94-26443935c7d2,Werner Buchstaller,Buchstaller!,,,,SPD,spd,area/rheinland-pfalz,Rheinland-Pfalz,Bundestag,5,,,,male,Q1723849
160ac421-b96a-4d33-be2c-b72a02e8cf75,Werner Dollinger,Dollinger,,,,CSU,csu,area/bayern,Bayern,Bundestag,5,,,https://upload.wikimedia.org/wikipedia/commons/e/ee/Werner_dollinger2.jpg,male,Q488902
faa12b0d-d9e3-4d1d-b6fd-31b8ebc3a266,Werner Figgen,Figgen!,,,,SPD,spd,area/nordrhein-westfalen,Nordrhein-Westfalen,Bundestag,5,,1966-12-06,,male,Q1682440
e4f0a40e-3b0d-428a-8e7b-1b5e001ddb72,Werner Jacobi,"Jacobi, Werner!",,,,SPD,spd,area/nordrhein-westfalen,Nordrhein-Westfalen,Bundestag,5,,,,male,Q2561614
721f232c-1e24-49fe-a9ec-ae3ce9eaf6f3,Werner Kubitza,Kubitza!,,,,FDP,fdp,area/bayern,Bayern,Bundestag,5,,,,male,Q2561843
4c5a29be-68c9-404d-970a-3578f88d0dab,Werner Kunze,Kunze!,,,,SPD,spd,area/niedersachsen,Niedersachsen,Bundestag,5,,,,male,Q1474030
315e954c-722a-4ba2-9103-77332dee0533,Werner Marquardt,Marquardt!,,,,SPD,spd,area/niedersachsen,Niedersachsen,Bundestag,5,,,,male,Q1351404
ffa80953-ae6d-4ced-a630-dddd478bb0c8,Werner Marx,Marx!,,,,CDU,cdu,area/rheinland-pfalz,Rheinland-Pfalz,Bundestag,5,,,https://upload.wikimedia.org/wikipedia/commons/3/37/KAS-Brand-Bild-14504-1.jpg,male,Q1770789
58a5fa51-a3ad-4b67-8864-d59f15f7fc31,Werner Mertes,"Mertes, Werner",,,,FDP,fdp,area/baden-württemberg,Baden-Württemberg,Bundestag,5,,,,male,Q1702883
cd19f338-240a-41b5-95ca-83e2bfbad17c,Werner Porsch,Porsch!,,,,FDP,fdp,area/bayern,Bayern,Bundestag,5,1967-07-27,,,male,Q2562287
7d50bd26-4e31-4017-98bf-3b49a84a9234,Werner Wilhelm,Wilhelm!,,,,SPD,spd,area/saarland,Saarland,Bundestag,5,,,,male,Q2562895
0bd9c22a-cb02-4899-a4e7-9a0a1ac2341e,Wilhelm Brese,Brese!,,,,CDU,cdu,area/niedersachsen,Niedersachsen,Bundestag,5,,,https://upload.wikimedia.org/wikipedia/commons/9/9c/Brese_CDU_Celle.jpeg,male,Q2572097
4a3f8017-1707-42a7-8ab6-9490369c1833,Wilhelm Dröscher,Droscher!,,,,SPD,spd,area/rheinland-pfalz,Rheinland-Pfalz,Bundestag,5,,,"https://upload.wikimedia.org/wikipedia/commons/f/fb/Bundesarchiv_B_145_Bild-F048649-0034,_Dortmund,_SPD-Parteitag,_Droescher,_Wehner.jpg",male,Q2572433
40193d38-6162-48bd-805e-45476530dc00,Wilhelm Krampe,Krampe!,,,,CDU,cdu,area/nordrhein-westfalen,Nordrhein-Westfalen,Bundestag,5,1966-10-11,,"https://upload.wikimedia.org/wikipedia/commons/1/1c/KAS-Krampe,_Wilhelm-Bild-1341-1.jpg",male,Q1739406
4eafc978-fcbe-40ea-ac69-d069489cd0f3,Wilhelm Maibaum,Maibaum!,,,,SPD,spd,area/nordrhein-westfalen,Nordrhein-Westfalen,Bundestag,5,,,,male,Q2574057
65cefb03-bf1f-4155-9862-cd5565a45c90,Wilhelm Michels,Michels!,,,,SPD,spd,area/nordrhein-westfalen,Nordrhein-Westfalen,Bundestag,5,,,,male,Q2574219
1a8725b9-edd3-42ef-a8cf-ba686beb3118,Wilhelm Rawe,Rawe!,,,,CDU,cdu,area/nordrhein-westfalen,Nordrhein-Westfalen,Bundestag,5,,,"https://upload.wikimedia.org/wikipedia/commons/0/0f/KAS-Rawe,_Wilhelm-Bild-2057-1_(cropped).jpg",male,Q1720613
9dfbc11c-c570-490f-8d13-ad9ed9f771e4,Wilhelm Reitz,Reitz!,,,,SPD,spd,area/hessen,Hessen,Bundestag,5,,,,male,Q1592845
f0d0296b-14ac-443c-bf22-a2c570008e3f,Wilhelm Urban,Urban!,,,,SPD,spd,area/berlin,Berlin,Bundestag,5,,,,male,Q1769963
b89ec07e-1454-4534-a859-c45ffda5dd04,Will Rasner,Rasner!,,,,CDU,cdu,area/schleswig-holstein,Schleswig-Holstein,Bundestag,5,,,,male,Q1551292
ca3758a2-c822-474c-a48c-92d549abca03,Willi Beuster,Beuster!,,,,SPD,spd,area/nordrhein-westfalen,Nordrhein-Westfalen,Bundestag,5,,,,male,Q99181
1d8cc907-e3e9-4024-8bb6-a7b5a2b71fbe,Willi Bäuerle,"Bäuerle, Willi",,,,SPD,spd,area/hessen,Hessen,Bundestag,5,,,,male,Q2576988
55087d99-6bf8-4a18-9be4-5f7b5ea242c3,Willi Müller,"Muller, Willi!",,,,SPD,spd,area/nordrhein-westfalen,Nordrhein-Westfalen,Bundestag,5,,,,male,Q1542398
4feaefd7-96e7-48e6-bf98-55f9cc152f3f,Willi Müser,Muser!,,,,CDU,cdu,area/nordrhein-westfalen,Nordrhein-Westfalen,Bundestag,5,,,"https://upload.wikimedia.org/wikipedia/commons/6/6b/KAS-Müser,_Willi-Bild-2455-2.jpg",male,Q2577355
fbb7516a-113c-47a4-8d66-9ebbc60ac441,Willi Peiter,Peiter!,,,,SPD,spd,area/rheinland-pfalz,Rheinland-Pfalz,Bundestag,5,1967-09-19,,,male,Q2577401
f2ed6578-358e-43dd-88a0-2116e3f9a978,Willi Wolf,"Wolf, Willi",,,,SPD,spd,area/niedersachsen,Niedersachsen,Bundestag,5,,,,male,Q2577639
f1f8cff4-62da-42bd-a0bc-13ba35598264,William Borm,Borm!,,,,FDP,fdp,area/berlin,Berlin,Bundestag,5,,,,male,Q2578076
7063e6fc-e3e1-43b2-b8ea-e5e71f0a4440,Willy Bartsch,Bartsch!,,,,SPD,spd,area/berlin,Berlin,Bundestag,5,,,,male,Q1636521
0c46d4bf-a6b2-49de-9f6f-04280d727a3f,Willy Könen,Konen!,,,,SPD,spd,area/nordrhein-westfalen,Nordrhein-Westfalen,Bundestag,5,,,,male,Q1377853
58cd8370-15ba-4e4d-a4b4-e54d251cdc08,Willy Müller,"Muller, Willy!",,,,SPD,spd,area/rheinland-pfalz,Rheinland-Pfalz,Bundestag,5,,,,male,Q2582086
fc0d655c-180e-4d82-b923-f9d947083320,Willy Steinmetz,Steinmetz!,,,,CDU,cdu,area/niedersachsen,Niedersachsen,Bundestag,5,,,,male,Q2582206
882cf50d-6697-4ccf-bb05-8996da0588dc,Wolfgang Imle,Imle!,,,,FDP,fdp,area/schleswig-holstein,Schleswig-Holstein,Bundestag,5,1967-06-02,,,male,Q2590080
9745d11b-c1c0-4faf-8e2c-9e295467a12f,Wolfgang Mischnick,Mischnick!,,,,FDP,fdp,area/hessen,Hessen,Bundestag,5,,,"https://upload.wikimedia.org/wikipedia/commons/b/b3/Bundesarchiv_B_145_Bild-F049588-0009,_Frankfurt,_FDP-Bundesparteitag,_Mischnick.jpg",male,Q90837
63dd2014-99d1-4c61-8a58-9c453562a5b0,Wolfgang Pohle,Pohle!,,,,CSU,csu,area/bayern,Bayern,Bundestag,5,,,,male,Q1728021
629bb65d-4c36-4148-adb9-b97562d47754,Wolfgang Rutschke,Rutschke!,,,,FDP,fdp,area/baden-württemberg,Baden-Württemberg,Bundestag,5,,,,male,Q1229324
c8bc4c2f-f59c-4813-abd7-9e44007ec786,Wolfgang Schwabe,Schwabe!,,,,SPD,spd,area/hessen,Hessen,Bundestag,5,,,,male,Q2591337
f324d5d8-ed2f-456a-a0e3-43beba430d2d,Wolfgang Stammberger,Stammberger!,,,,SPD,spd,area/bayern,Bayern,Bundestag,5,,,,male,Q74260
69207d99-08be-4fca-a963-ac31ea68c332,Wolfram Dorn,Dorn !,,,,FDP,fdp,area/nordrhein-westfalen,Nordrhein-Westfalen,Bundestag,5,,,,male,Q1638766
