id,name__bn,name__en,name__de,name__fr,name,wikipedia__bn,wikipedia__en,gender,occupation,birth_date,death_date,original_wikiname,name__id,name__uk,name__nl,name__es,name__pt,name__cy,name__hu,name__hi,wikipedia__de,wikipedia__fr,wikipedia__hi,wikipedia__id,wikipedia__pt,wikipedia__uk,image,identifier__freebase,identifier__VIAF,identifier__LCAuth,identifier__FAST,given_name,name__tr,name__ur,name__zh,wikipedia__tr,wikipedia__ur,name__ru,name__ja,wikipedia__ru,wikipedia__es,name__en_ca,name__en_gb,name__af,name__ar,name__bpy,name__da,name__de_ch,name__el,name__eo,name__et,name__fa,name__fi,name__he,name__io,name__it,name__ka,name__kn,name__mg,name__mr,name__ms,name__my,name__oc,name__pl,name__pt_br,name__sr,name__sv,name__ta,name__vep,name__yo,name__be,name__nb,name__su,name__nn,name__ca,name__ko,name__sco,name__qu,name__la,name__ml,name__pa,name__te,name__cs,name__ne,name__hy,name__sk,name__sd,name__zh_hant,name__zh_cn,name__eu,name__mai,name__as,wikipedia__af,wikipedia__ar,wikipedia__as,wikipedia__ba,wikipedia__be,wikipedia__bpy,wikipedia__ca,wikipedia__commons,wikipedia__cs,wikipedia__cy,wikipedia__da,wikipedia__el,wikipedia__enwikinews,wikipedia__enwikiquote,wikipedia__eo,wikipedia__et,wikipedia__fa,wikipedia__fawikiquote,wikipedia__fi,wikipedia__he,wikipedia__hy,wikipedia__io,wikipedia__it,wikipedia__ja,wikipedia__ka,wikipedia__kn,wikipedia__ko,wikipedia__la,wikipedia__mai,wikipedia__mg,wikipedia__ml,wikipedia__mr,wikipedia__ms,wikipedia__my,wikipedia__ne,wikipedia__nl,wikipedia__nn,wikipedia__no,wikipedia__oc,wikipedia__pa,wikipedia__pl,wikipedia__plwikiquote,wikipedia__qu,wikipedia__sco,wikipedia__sd,wikipedia__simple,wikipedia__sk,wikipedia__sr,wikipedia__su,wikipedia__sv,wikipedia__ta,wikipedia__te,wikipedia__vep,wikipedia__yo,wikipedia__zh,identifier__ISNI,identifier__GND,identifier__BNF,identifier__SUDOC,name__nds,name__xmf,name__ro,name__th,name__vi,wikipedia__ro,wikipedia__th,wikipedia__vi,wikipedia__xmf,family_name,identifier__IMDB,identifier__MusicBrainz,name__zh_hans,name__zh_hk,name__zh_sg,name__zh_tw,name__gl,name__kk_arab,name__kk_cn,name__kk_tr,name__kk_kz,name__kk_cyrl,name__kk_latn,name__kk,wikipedia__gl,wikipedia__kk,identifier__GTAA,wikipedia__trwikiquote,website,name__an,name__ast,name__bar,name__br,name__co,name__de_at,name__frp,name__fur,name__ga,name__gd,name__gsw,name__hr,name__ia,name__ie,name__is,name__kg,name__lb,name__li,name__lij,name__min,name__nap,name__nds_nl,name__nrm,name__pcd,name__pms,name__rm,name__sc,name__scn,name__sl,name__sr_el,name__sw,name__vec,name__vls,name__vo,name__wa,name__wo,name__zu,identifier__NTA
Q12269600,"শিরীন শারমিন চৌধুরী","Shirin Sharmin Chaudhury","Shirin Sharmin Chaudhury","Shirin Sharmin Chaudhury","Shirin Sharmin Chaudhury","শিরীন শারমিন চৌধুরী","Shirin Sharmin Chaudhury",female,politician,1966-10-06,,"Shirin Sharmin Chaudhury",,,"Shirin Sharmin Chaudhury","Shirin Sharmin Chaudhury",,,"Shirin Sharmin Chaudhury","शिरीन शर्मिन चौधरी",,,"शिरिन शर्मीन चौधरी",,,,https://upload.wikimedia.org/wikipedia/commons/9/92/Shirin_Sharmin_Chaudhury.JPG,,,,,,,,"希琳·紹爾明·喬杜麗",,,,,,,,,,,,,,,,,,,,,,"შირინ შარმინ ჩოუდჰური",,,,,,,,,,,,,,,,,,,,,,,"ഷിറിൻ ഷർമിൻ ചൗധരി",,,,,,,,"希林•沙爾敏•喬杜里","希林•沙尔敏•乔杜里",,,,,,,,,,,,,,,,,,,,,,,,,,,,"შირინ შარმინ ჩოუდჰური",,,,,,"ഷിറിൻ ഷർമിൻ ചൗധരി",,,,,,,,,,,,,,,,,,,,,,,,,,,,,,,,,,,,,,,,,,,,,,,,,,,,,,,,,,,,,,,,,,,,,,,,,,,,,,,,,,,,,,,,,,,,,,,
Q13058677,"ফজলুল হক আমিনী","Fazlul Haque Amini","Fazlul Haque Amini","Fazlul Haque Amini","Fazlul Haque Amini","ফজলুল হক আমিনী","Fazlul Haque Amini",male,mufti,1943,2012-12-12,"ফজলুল হক আমিনী",,,,,,"Fazlul Haque Amini",,,,,,,,,,,,,,,,,,,,,,,,,,,,,,,,,,,,,,,,,,,,,,,,,,,,,,,,,,,,,,,,,,,,,,,,,,,,,,,,,,,,,,,,,,,,,,,,,,,,,,,,,,,,,,,,,,,,,,,,,,,,,,,,,,,,,,,,,,,,,,,,,,,,,,,,,,,,,,,,,,,,,,,,,,,,,,,,,,,,,,,,,,,,,,,,,,,,,,,,
Q1392112,"মিজানুর রহমান চৌধুরী","Mizanur Rahman Chowdhury","Mizanur Rahman Chowdhury","Mizanur Rahman Chowdhury","Mizanur Rahman Chowdhury","মিজানুর রহমান চৌধুরী","Mizanur Rahman Chowdhury",male,politician,1928-10-19,2006-02-02,"মিজানুর রহমান চৌধুরী","Mizanur Rahman Chowdhury","Мізанур Чоудхурі","Mizanur Rahman Chowdhury","Mizanur Rahman Chowdhury","Mizanur Rahman Chowdhury","Mizanur Rahman Chowdhury","Mizanur Rahman Chowdhury","मिजानुर्रहमान चौधरी","Mizanur Rahman Chowdhury","Mizanur Rahman Chowdhury","मिजानुर्रहमान चौधरी","Mizanur Rahman Chowdhury","Mizanur Rahman Chowdhury","Мізанур Чоудхурі",https://upload.wikimedia.org/wikipedia/commons/1/1c/Picture_of_Mizanur_Rahman_Chowdhury.jpeg,/m/0b913q,,,,,,,,,,,,,,,,,,,,,,,,,,,,,,,,,,,,,,,,,,,,,,,,,,,,,,,,,,,,,,,,,,,,,,,,,,,,,,,,,,,,,,,,,,,,,,,,,,,,,,,,,,,,,,,,,,,,,,,,,,,,,,,,,,,,,,,,,,,,,,,,,,,,,,,,,,,,,,,,,,,,,,,,,,,,,,,,,,,,,,,,,,,,,,
Q14325293,"ওবায়দুল কাদের","Obaidul Quader","Obaidul Quader","Obaidul Quader","Obaidul Quader","ওবায়দুল কাদের (রাজনীতিবিদ)","Obaidul Quader",male,,1952-01-01,,"ওবায়দুল কাদের (রাজনীতিবিদ)",,,,,,,,,,,,,,,https://upload.wikimedia.org/wikipedia/commons/b/b0/Obaidul_Quader_MP.jpg,,,,,,,,,,,,,,,,,,,,,,,,,,,,,,,,,,,,,,,,,,,,,,,,,,,,,,,,,,,,,,,,,,,,,,,,,,,,,,,,,,,,,,,,,,,,,,,,,,,,,,,,,,,,,,,,,,,,,,,,,,,,,,,,,,,,,,,,,,,,,,,,,,,,,,,,,,,,,,,,,,,,,,,,,,,,,,,,,,,,,,,,,,,,,,,
Q15043824,,"Manoranjan Shill Gopal","Manoranjan Shill Gopal","Manoranjan Shill Gopal","Manoranjan Shill Gopal",,"Manoranjan Shill Gopal",male,politician,1964,,"Manoranjan Shill Gopal",,,"Manoranjan Shill Gopal",,,,,,"Manoranjan Shill Gopal",,,,,,https://upload.wikimedia.org/wikipedia/commons/3/30/Manoranjan_Shill_Gopal.jpg,,,,,,,,,,,,,,,,,,,,,,,,,,,,,,,,,,,,,,,,,,,,,,,,,,,,,,,,,,,,,,,,,,,,,,,,,,,,,,,,,,,,,,,,,,,,,,,,,,,,,,,,,,,,,,,,,,,,,,,,,,,,,,,,,,,,,,,,,,,,,,,,,,,,,,,,,,,,,,,,,,,,,,,,,,,,,,,,,,,,,,,,,,,,,,,
Q15633746,"রওশন এরশাদ","Rowshan Ershad","Rowshan Ershad",,"Rowshan Ershad","রওশন এরশাদ","Rowshan Ershad",female,politician,1941-07-19,,"রওশন এরশাদ",,,,"Rowshan Ershad",,,"Rowshan Ershad","रौशन इर्शाद",,,"रौशन इर्शाद",,,,https://upload.wikimedia.org/wikipedia/commons/8/84/Rowshan_Ershad_SAARC_in_Dhaka_1986.jpg,,,,,,,,,,,,,,"Rowshan Ershad",,,,,,,,,,,,,,,,,,,,,,,,,,,,,,,,,,,,,,,,,,,,,,,,,,,,,,,,,,,,,,,,,,,,,,,,,,,,,,,,,,,,,,,,,,,,,,,,,,,,,,,,,,,,,,,,,,,,,,,,,,,,,,,,,,,,,,,,,,,,,,,,,,,,,,,,,,,,,,,,,,,,,,,,,,,,,,,,,
Q15708248,"ওয়াদুদ ভূইয়া","Wadud Bhuiyan","Wadud Bhuiyan","Wadud Bhuiyan","Wadud Bhuiyan","ওয়াদুদ ভূইয়া","Wadud Bhuiyan",male,,1965-01-05,,"Wadud Bhuiyan",,,"Wadud Bhuiyan",,,,,,,,,,,,https://upload.wikimedia.org/wikipedia/commons/9/94/Wadud-Bhuiyan.jpg,,,,,,,,,,,,,,,,,,,,,,,,,,,,,,,,,,,,,,,,,,,,,,,,,,,,,,,,,,,,,,,,,,,,,,,,,,,,,,,,,,,,,,,,,,,,,,,,,,,,,,,,,,,,,,,,,,,,,,,,,,,,,,,,,,,,,,,,,,,,,,,,,,,,,,,,,,,,,,,,,,,,,,,,,,,,,,,,,,,,,,,,,,,,,,,
Q15782404,,,"Alhaj Mohammed Dabirul Islam",,"Alhaj Mohammed Dabirul Islam",,,male,,1948-09-29,,"Alhaj Mohammed Dabirul Islam",,,,,,,,,"Alhaj Mohammed Dabirul Islam",,,,,,,,,,,,,,,,,,,,,,,,,,,,,,,,,,,,,,,,,,,,,,,,,,,,,,,,,,,,,,,,,,,,,,,,,,,,,,,,,,,,,,,,,,,,,,,,,,,,,,,,,,,,,,,,,,,,,,,,,,,,,,,,,,,,,,,,,,,,,,,,,,,,,,,,,,,,,,,,,,,,,,,,,,,,,,,,,,,,,,,,,,,,,,,,,,,,,
Q15818991,,"Hafizuddin Ahmed","Hafiz Uddin Ahmed","Hafiz Uddin Ahmed","Hafizuddin Ahmed",,"Hafizuddin Ahmed",male,politician,1946-02-03,,"Hafiz Uddin Ahmed",,,"Hafizuddin Ahmed",,,,,,"Hafiz Uddin Ahmed",,,,,,,,,,,Hafiz,,,,,,,,,,,,,,,,,,,,,,,,"Hafiz Uddin Ahmed",,,,,,,,,,,,,,,,,,,,,,,,,,,,,,,,,,,,,,,,,,,,,,,,,,,,,,,,,,,,,,,,,,,,,,,,,,,,,,,,,,,,,,,,,,,,,,,,,,,,,,,,,,,,,,,,,,,,,,,,,,,,,,,,,,,,,,,,,,,,,,,,,,,,,,,,,,,,,,,,,,
Q15834620,,,"Mazaharul Hoque Prodhan","Mazaharul Hoque Prodhan","Mazaharul Hoque Prodhan",,,male,politician,1953-01-01,,"Mazaharul Hoque Prodhan",,,,,,,,,"Mazaharul Hoque Prodhan",,,,,,,,,,,,,,,,,,,,,,,,,,,,,,,,,,,"Mazaharul Hoque Prodhan",,,,,,,,,,,,,,,,,,,,,,,,,,,,,,,,,,,,,,,,,,,,,,,,,,,,,,,,,,,,,,,,,,,,,,,,,,,,,,,,,,,,,,,,,,,,,,,,,,,,,,,,,,,,,,,,,,,,,,,,,,,,,,,,,,,,,,,,,,,,,,,,,,,,,,,,,,,,,,,,,,
Q15837138,,,"Nurul Islam Sujan","Nurul Islam Sujan","Nurul Islam Sujan",,,male,politician,1956-01-05,,"Nurul Islam Sujan",,,,,,,,,"Nurul Islam Sujan",,,,,,,,,,,,,,,,,,,,,,,,,,,,,,,,,,,,,,,,,,,,,,,,,,,,,,,,,,,,,,,,,,,,,,,,,,,,,,,,,,,,,,,,,,,,,,,,,,,,,,,,,,,,,,,,,,,,,,,,,,,,,,,,,,,,,,,,,,,,,,,,,,,,,,,,,,,,,,,,,,,,,,,,,,,,,,,,,,,,,,,,,,,,,,,,,,,,,
Q15841687,,"Ramesh Chandra Sen","Ramesh Chandra Sen","Ramesh Chandra Sen","Ramesh Chandra Sen",,"Ramesh Chandra Sen",male,politician,1940-04-30,,"Ramesh Chandra Sen",,,"Ramesh Chandra Sen",,,,,,"Ramesh Chandra Sen",,,,,,,,,,,Ramesh,,,,,,,,,,,,,,,,,,,,,,,,,,,,,,,,,,,,,,,,,,,,,,,,,,,,,,,,,,,,,,,,,,,,,,,,,,,,,,,,,,,,,,,,,,,,,,,,,,,,,,,,,,,,,,,,,,,,,,,,,,,,,,,,,,,,,,,,,,,,,,,,,,,,,,,,,,,,,,,,,,,,,,,,,,,,,,,,,,,,,,,,,,
Q16058009,"আবুল হাসান মাহমুদ আলী","Abul Hassan Mahmud Ali","Abul Hassan Mahmud Ali","Abul Hassan Mahmud Ali","Abul Hassan Mahmud Ali",,"Abul Hassan Mahmud Ali",male,ambassador,1943-06-02,,"Abul Hassan Mahmud Ali",,,"Abul Hassan Mahmud Ali",,,,,,,,,,,,,,,,,,,,,,,,,,,,,,,,,,,,,,,,,"Abul Hassan Mahmud Ali",,,,,,,,,,,,,,,,,,,,,,,,,,,,,,,,,,,,,,,,,,,,"Category:Abul Hassan Mahmud Ali",,,,,,,,,,,,,,,,,,,,,,,,,,,,,,,,,,,,,,,,,,,,,,,,,,,,,,,,,,,,,,,,,,,,,,,,,,,,,,,,,,,,,,,,,,,,,,,,,,,,,,,,,,,,,,,,,,,,,,
Q16148957,,"Syed Abul Hossain","Syed Abul Hossain","Syed Abul Hossain","Syed Abul Hossain",,"Syed Abul Hossain",male,,1951-08-01,,"Syed Abul Hossain",,,,,,,,,,,,,,,https://upload.wikimedia.org/wikipedia/commons/b/b6/Syed_Abul_Hossain.jpg,,,,,Syed,,,,,,,,,,,,,,,,,,,,,,,,,,,,,,,,,,,,,,,,,,,,,,,,,,,,,,,,,,,,,,,,,,,,,,,,,,,,,,,,,,,,,,,,,,,,,,,,,,,,,,,,,,,,,,,,,,,,,,,,,,,,,,,,,,,,,,,,,,,,,,,,,,,,,,,,,,,,,,,,,,,,,,,,,,,,,,,,,,,,,,,,,,
Q16150078,,"Ilias Ali","Ilias Ali","Ilias Ali","Ilias Ali",,"Ilias Ali",male,,1961,,"Ilias Ali",,,"Ilias Ali",,,,,,,,,,,,,,,,,Ilias,,,,,,,,,,,,,,,,,,,,,,,,"Ilias Ali",,,,,,,,,,,,,,,,,,,,,,,,,,,,,,,,,,,,,,,,,,,,,,,,,,,,,,,,,,,,,,,,,,,,,,,,,,,,,,,,,,,,,,,,,,,,,,,,,,,,,,,,,,,,,,,,,,,,,,,,,,,,,,,,,,,,,,,,,,,,,,,,,,,,,,,,,,,,,,,,,,
Q16215057,"Barrister Andaleeve Rahman","Andaleeve Rahman",,"Andaleeve Rahman","Andaleeve Rahman",,"Andaleeve Rahman",male,politician,1974-04-20,,"Andaleeve Rahman",,,,,,,,,,,,,,,,,,,,,,,,,,,,,,,,,,,,,,,,,,,,"Andaleeve Rahman",,,,,,,,,,,,,,,,,,,,,,,,,,,,,,,,,,,,,,,,,,,,,,,,,,,,,,,,,,,,,,,,,,,,,,,,,,,,,,,,,,,,,,,,,,,,,,,,,,,,,,,,,,,,,,,,,,,,,,,,,,,,,,,,,,,,,,,,,,,,,,,,,,,,,,,,,,,,,,,,,,
Q16345310,"খুরশীদ জাহান হক","Khurshid Jahan","Khurshid Jahan","Khurshid Jahan","Khurshid Jahan","খুরশীদ জাহান হক","Khurshid Jahan",female,politician,1939-08-11,2006-06-14,"Khurshid Jahan",,,,,,,,,,,,,,,,,,,,,,,,,,,,,,,,,,,,,,,,,,,,,,,,,,,,,,,,,,,,,,,,,,,,,,,,,,,,,,,,,,,,,,,,,,,,,,,,,,,,,,,,,,,,,,,,,,,,,,,,,,,,,,,,,,,,,,,,,,,,,,,,,,,,,,,,,,,,,,,,,,,,,,,,,,,,,,,,,,,,,,,,,,,,,,,,,,,,,,,,,,,,,,
Q16346295,"মেহের আফরোজ চুমকি","Meher Afroz Chumki",,,"Meher Afroz Chumki","মেহের আফরোজ চুমকি","Meher Afroz Chumki",female,,,,"Meher Afroz Chumki",,,"Meher Afroz Chumki",,,,,,,,,,,,https://upload.wikimedia.org/wikipedia/commons/7/74/Meher_Afroz_Chumki_-_Kolkata_2016-02-02_0547.JPG,,,,,,,,,,,,,,,,,,,,,,,,,,,,,,,,,,,,,,,,,,,,,,,,,,,,,,,,,,,,,,,,,,,,,,,,,,,,,,,,,,,,,,,,,,,,,,,,,,,,,,,,,,,,,,,,,,,,,,,,,,,,,,,,,,,,,,,,,,,,,,,,,,,,,,,,,,,,,,,,,,,,,,,,,,,,,,,,,,,,,,,,,,,,,,,
Q16732958,,"Muhammad Hasan Mahmud",,,"Muhammad Hasan Mahmud",,"Muhammad Hasan Mahmud",male,politician,1963-06-05,,"Muhammad Hasan Mahmud",,,,,,,,,,,,,,,,,,,,Muhammad,,,,,,,,,,,,,,,,,,,,,,,,"Muhammad Hasan Mahmud",,,,,,,,,,,,,,,,,,,,,,,,,,,,,,,,,,,,,,,,,,,,,,,,,,,,,,,,,,,,,,,,,,,,,,,,,,,,,,,,,,,,,,,,,,,,,,,,,,,,,,,,,,,,,,,,,,,,,,,,,,,,,,,,,,,,,,,,,,,,,,,,,,,,,,,,,,,,,,,,,,
Q174381,"হুমায়ূন রশীদ চৌধুরী","Humayun Rashid Choudhury","Humayun Rasheed Choudhury","Humayun Rashid Choudhury","Humayun Rashid Choudhury","হুমায়ূন রশীদ চৌধুরী","Humayun Rashid Choudhury",male,diplomat,1928-11-11,2001-07-10,"Humayun Rashid Choudhury",,,"Humayun Rashid Choudhury","Humayun Rashid Choudhury",,"Humayun Rashid Choudhury",,"हुमायूँ राशिद चौधरी","Humayun Rasheed Choudhury",,"हुमायूँ राशिद चौधरी",,,,,,,,,,,,,,,"Чоудхури, Хумаюн","フマユン・R・チョウドリー","Чоудхури, Хумаюн",,,,,,,,,,,,,,,,,,,,,,,,,,,,,,,,,,,,,,,"Humayun Rasheed Choudhury",,,,,,,,,,,,,,,,,,,,,,,,,,,,,,,,,,,,,,,,,"Humayun Rasheed Choudhury",,,,,,,,,,,,,,,,,,,,,,,,,,,,,,,,,,,,,,,,,,,,,,,,"Humayun Rashid Choudhury",,,,,,,,,,,,,,,,,,,,,,,,,,,,,,,,,,,,,,,,,,,,,,,,,,
Q18210454,,"Syed Abdullah Muhammad Taher","Syed Abdullah Muhammad Taher","Syed Abdullah Muhammad Taher","Syed Abdullah Muhammad Taher",,"Syed Abdullah Muhammad Taher",male,politician,1958,,"Syed Abdullah Muhammad Taher",,,"Syed Abdullah Muhammad Taher",,,,,,,,,,,,,,,,,Syed,,,,,,,,,,,,,,,,,,,,,,,,,,,,,,,,,,,,,,,,,,,,,,,,,,,,,,,,,,,,,,,,,,,,,,,,,,,,,,,,,,,,,,,,,,,,,,,,,,,,,,,,,,,,,,,,,,,,,,,,,,,,,,,,,,,,,,,,,,,,,,,,,,,,,,,,,,,,,,,,,,,,,,,,,,,,,,,,,,,,,,,,,,
Q18534461,"মীর কাসেম আলী","Mir Quasem Ali","Mir Quasem Ali","Mir Quasem Ali","Mir Quasem Ali","মীর কাসেম আলী","Mir Quasem Ali",male,,1952,2016-09-03,"Mir Quasem Ali",,,,,,,,,"Mir Quasem Ali",,,,,,,,,,,,"Mir Kasım Ali","میر قاسم علی","米爾·卡西姆·阿里","Mir Kasım Ali","میر قاسم علی",,,,,,,,,,,,,,,,,,,,,,,,,,,,,,,,,,,,,,,,,,,,,,,,,,,,,,,,,,,,,,,,,,,,,,,,,,,,,,,,,,,,,,,,,,,,,,,,,,,,,,,,,,,,,,,,,,,,,,,,,,,,,,,,,,,,,,,,,,,,,,,,,,,,,,,,,,,,,,,,,,,,,,,,,,,,,,,,,,,,,
Q20093720,"শেখ রাজ্জাক আলী","Sheikh Razzak Ali","Sheikh Razzak Ali","Sheikh Razzak Ali","Sheikh Razzak Ali","শেখ রাজ্জাক আলী","Sheikh Razzak Ali",male,politician,1928-08-28,2015-06-07,"Sheikh Razzak Ali",,,"Sheikh Razzak Ali","Sheikh Razzak Ali",,"Sheikh Razzak Ali","Sheikh Razzak Ali","शेख रज्जाक अली",,,"शेख रज्जाक अली",,,,https://upload.wikimedia.org/wikipedia/commons/1/11/Sheikh_Razzak_Ali.jpg,,,,,,,,,,,,,,,,,,,,,,,,,,,,,,,,,,,,,,,,,,,,,,,,,,,,,,,,,,,,,,,,,,,,,,,,,,,,,,,,,,,,,,,,,,,,,,,,,,,,,,,,,,,,,,,,,,,,,,,,,,,,,,,,,,,,,,,,,,,,,,,,,,,,,,,,,,,,,,,,,,,,,,,,,,,,,,,,,,,,,,,,,,,,,,,
Q20728058,"তারানা হালিম","Tarana Halim","Tarana Halim","Tarana Halim","Tarana Halim","তারানা হালিম","Tarana Halim",female,actor,1966-08-16,,"তারানা হালিম","Tarana Halim",,"Tarana Halim","Tarana Halim","Tarana Halim","Tarana Halim","Tarana Halim",,,,,,,,https://upload.wikimedia.org/wikipedia/commons/5/5f/Tarana_Halim_(cropped).jpg,,,,,,,,,,,,,,,"Tarana Halim","Tarana Halim","Tarana Halim",,,"Tarana Halim","Tarana Halim",,"Tarana Halim","Tarana Halim",,"Tarana Halim",,"Tarana Halim","Tarana Halim",,,"Tarana Halim",,"Tarana Halim",,"Tarana Halim","Tarana Halim","Tarana Halim",,"Tarana Halim",,,,,"Tarana Halim",,"Tarana Halim","Tarana Halim",,"Tarana Halim",,,,,,"Tarana Halim",,,"Tarana Halim",,,,"Tarana Halim",,,,,,,,,,,,,,,,,,,,,,,,,,,,,,,,,,,,,,,,,,,,,,,,,,,,,,,,,,,,,,"Tarana Halim",,"Tarana Halim",,"Tarana Halim",,,,,,nm7428868,,,,,,"Tarana Halim",,,,,,,,,,,,,"Tarana Halim","Tarana Halim","Tarana Halim","Tarana Halim","Tarana Halim","Tarana Halim","Tarana Halim","Tarana Halim","Tarana Halim","Tarana Halim","Tarana Halim","Tarana Halim","Tarana Halim","Tarana Halim","Tarana Halim","Tarana Halim","Tarana Halim","Tarana Halim","Tarana Halim","Tarana Halim","Tarana Halim","Tarana Halim","Tarana Halim","Tarana Halim","Tarana Halim","Tarana Halim","Tarana Halim","Tarana Halim","Tarana Halim","Tarana Halim","Tarana Halim","Tarana Halim","Tarana Halim","Tarana Halim","Tarana Halim","Tarana Halim","Tarana Halim",
Q21872307,"নাহিম রাজ্জাক","Nahim Razzaq",,,"Nahim Razzaq","নাহিম রাজ্জাক","Nahim Razzaq",male,,1981-02-07,,"নাহিম রাজ্জাক",,,"Nahim Razzaq",,,,,,,,,,,,,,,,,,,,,,,,,,,,,,,,,,,,,,,,,,,,,,,,,,,,,,,,,,,,,,,,,,,,,,,,,,,,,,,,,,,,,,,,,,,,,,,,,,,,,,,,,,,,,,,,,,,,,,,,,,,,,,,,,,,,,,,,,,,,,,,,,,,,,,,,,,,,,,,,,,,,,,,,,,,,,,,,,,,,,,,,,,,,,,,,,,,,,,,,,,,
Q21873781,"নসরুল হামিদ","Nasrul Hamid",,,"Nasrul Hamid","নসরুল হামিদ","Nasrul Hamid",male,,1964-11-13,,"নসরুল হামিদ",,,"Nasrul Hamid",,,,,,,,,,,,,,,,,,,,,,,,,,,,,,,,,,,,,,,,,,,,,,,,,,,,,,,,,,,,,,,,,,,,,,,,,,,,,,,,,,,,,,,,,,,,,,,,,,,,,,,,,,,,,,,,,,,,,,,,,,,,,,,,,,,,,,,,,,,,,,,,,,,,,,,,,,,,,,,,,,,,,,,,,,,,,,,,,,,,,,,,,,,,,,,,,,,,,,,,,,,
Q22003640,,"Chitra Bhattacharya",,,"Chitra Bhattacharya",,"Chitra Bhattacharya",female,,1926,2010-11-29,"Chitra Bhattacharya",,,"Chitra Bhattacharya",,,,,,,,,,,,,,,,,,,,,,,,,,,,,,,,,,,,,,,,,,,,,,,,,,,,,,,,,,,,,,,,,,,,,,,,,,,,,,,,,,,,,,,,,,,,,,,,,,,,,,,,,,,,,,,,,,,,,,,,,,,,,,,,,,,,,,,,,,,,,,,,,,,,,,,,,,,,,,,,,,,,,,,,,,,,,,,,,,,,,,,,,,,,,,,,,,,,,,,,,,,
Q23008529,,"Anjuman Ara Jamil",,,"Anjuman Ara Jamil",,"Anjuman Ara Jamil",female,,1938,2012-11-29,"Anjuman Ara Jamil",,,"Anjuman Ara Jamil",,,,,,,,,,,,,,,,,,,,,,,,,,,,,,,,,,,,,,,,,,,,,,,,,,,,,,,,,,,,,,,,,,,,,,,,,,,,,,,,,,,,,,,,,,,,,,,,,,,,,,,,,,,,,,,,,,,,,,,,,,,,,,,,,,,,,,,,,,,,,,,,,,,,,,,,,,,,,,,,,,,,,,,,,,,,,,,,,,,,,,,,,,,,,,,,,,,,,,,,,,,
Q23047518,,"Abdullah Al Kafi",,,"Abdullah Al Kafi",,"Abdullah Al Kafi",male,politician,1945-02-28,2005-09-12,"Abdullah Al Kafi",,,"Abdullah Al Kafi",,,,,,,,,,,,https://upload.wikimedia.org/wikipedia/commons/a/a6/Abdullah_Al_Kafi.jpg,,,,,Abdullah,,,,,,,,,,,,,,,,,,,,,,,,,,,,,,,,,,,,,,,,,,,,,,,,,,,,,,,,,,,,,,,,,,,,,,,,,,,,,,,,,,,,,,,,,,,,,,,,,,,,,,,,,,,,,,,,,,,,,,,,,,,,,,,,,,,,,,,,,,,,,,,,,,,,,,,,,,,,,,,,,,,,,,,,,,,,,,,,,,,,,,,,,,
Q234814,"খালেদা জিয়া","Khaleda Zia","Khaleda Zia","Khaleda Zia","Khaleda Zia","খালেদা জিয়া","Khaleda Zia",female,politician,1945-08-15,,"Khaleda Zia","Khaleda Zia","Халеда Зіа","Khaleda Zia","Jaleda Zia","Khaleda Zia",,"Jaleda Zia","खालेदा जिय़ा","Khaleda Zia","Khaleda Zia","खालिदा ज़िया","Khaleda Zia","Khaleda Zia","Халеда Зіа","https://upload.wikimedia.org/wikipedia/commons/c/c9/Begum_Zia_Book-opening_Ceremony,_1_Mar,_2010.jpg",/m/0230sz,1607643,n89262084,,,"Begüm Halide Ziya",,"卡莉達·齊亞","Begüm Halide Ziya",,"Зиа, Халеда","カレダ・ジア","Зиа, Халеда","Jaleda Zia",,,,"خالدة ضياء",,"Khaleda Zia",,,,,"خالده ضیا","Khaleda Zia",,,"Khaleda Zia","ხალედა ზია",,,"खालेदा झिया","Begum Khaleda Zia",,,"Chaleda Zia",,,"Khaleda Zia",,,,,"Khaleda Zia",,"Khaleda Zia",,"칼레다 지아",,,,"ഖാലിദ സിയ",,,,,,,,"卡莉達·齊亞","卡莉达·齐亚","Khaleda Zia",,,,"خالدة ضياء",,,,,,,,,"Khaleda Zia",,,,,,"خالده ضیا",,"Khaleda Zia",,,,"Khaleda Zia","カレダ・ジア","ხალედა ზია",,"칼레다 지아",,,,"ഖാലിദ സിയ","खालेदा झिया","Khaleda Zia",,,"Khaleda Zia","Khaleda Zia","Khaleda Zia",,,"Chaleda Zia",,,,,"Khaleda Zia",,,,"Khaleda Zia","காலிதா சியா","ఖలేడా జియా",,,"卡莉達·齊亞",,,,,,,,,,,,,,,,,"卡莉达·齐亚","卡莉達·齊亞","卡莉达·齐亚","卡莉達·齊亞","Begum Khaleda Zia","حالەدا زىييا بەگۋم","حالەدا زىييا بەگۋم","Xaleda Zïya Begwm","Халеда Зия Бегум","Халеда Зия Бегум","Xaleda Zïya Begwm","Халеда Зия Бегум","Begum Khaleda Zia","Халеда Зия Бегум",,,,,,,,,,,,,,,,,,,,,,,,,,,,,,,,,,,,,,,,,
Q23682377,,"Hazera Khatun",,,"Hazera Khatun",,"Hazera Khatun",female,,,,"Hazera Khatun",,,"Hazera Khatun",,,,,,,,,,,,,,,,,,,,,,,,,,,,,,,,,,,,,,,,,,,,,,,,,,,,,,,,,,,,,,,,,,,,,,,,,,,,,,,,,,,,,,,,,,,,,,,,,,,,,,,,,,,,,,,,,,,,,,,,,,,,,,,,,,,,,,,,,,,,,,,,,,,,,,,,,,,,,,,,,,,,,,,,,,,,,,,,,,,,,,,,,,,,,,,,,,,,,,,,,,,
Q23682762,,"Syeda Razia Faiz",,,"Syeda Razia Faiz",,"Syeda Razia Faiz",female,,,2013-11-15,"Syeda Razia Faiz",,,"Syeda Razia Faiz",,,,,,,,,,,,,,,,,,,,,,,,,,,,,,,,,,,,,,,,,,,,,,,,,,,,,,,,,,,,,,,,,,,,,,,,,,,,,,,,,,,,,,,,,,,,,,,,,,,,,,,,,,,,,,,,,,,,,,,,,,,,,,,,,,,,,,,,,,,,,,,,,,,,,,,,,,,,,,,,,,,,,,,,,,,,,,,,,,,,,,,,,,,,,,,,,,,,,,,,,,,
Q23881773,,"Nilufer Zafar",,,"Nilufer Zafar",,"Nilufer Zafar",female,politician,1949-06-06,,"Nilufer Zafar",,,"Nilufer Zafar",,,,,,,,,,,,,,,,,,,,,,,,,,,,,,,,,,,,,,,,,,,,,,,,,,,,,,,,,,,,,,,,,,,,,,,,,,,,,,,,,,,,,,,,,,,,,,,,,,,,,,,,,,,,,,,,,,,,,,,,,,,,,,,,,,,,,,,,,,,,,,,,,,,,,,,,,,,,,,,,,,,,,,,,,,,,,,,,,,,,,,,,,,,,,,,,,,,,,,,,,,,
Q23881883,,"Kazi Zafarullah",,,"Kazi Zafarullah",,"Kazi Zafarullah",male,,1949,,"Kazi Zafarullah",,,"Kazi Zafarullah",,,,,,,,,,,,,,,,,,,,,,,,,,,,,,,,,,,,,,,,,,,,,,,,,,,,,,,,,,,,,,,,,,,,,,,,,,,,,,,,,,,,,,,,,,,,,,,,,,,,,,,,,,,,,,,,,,,,,,,,,,,,,,,,,,,,,,,,,,,,,,,,,,,,,,,,,,,,,,,,,,,,,,,,,,,,,,,,,,,,,,,,,,,,,,,,,,,,,,,,,,,
Q24175639,,"Mahbubul Alam Tara",,,"Mahbubul Alam Tara",,"Mahbubul Alam Tara",male,politician,,,"Mahbubul Alam Tara",,,"Mahbubul Alam Tara",,,,,,,,,,,,,,,,,,,,,,,,,,,,,,,,,,,,,,,,,,,,,,,,,,,,,,,,,,,,,,,,,,,,,,,,,,,,,,,,,,,,,,,,,,,,,,,,,,,,,,,,,,,,,,,,,,,,,,,,,,,,,,,,,,,,,,,,,,,,,,,,,,,,,,,,,,,,,,,,,,,,,,,,,,,,,,,,,,,,,,,,,,,,,,,,,,,,,,,,,,,
Q24175641,,"Anisul Huq",,,"Anisul Huq",,"Anisul Huq (politician)",male,politician,1956-03-30,,"Anisul Huq (politician)",,,"Anisul Huq",,,,,,,,,,,,,,,,,,,,,,,,,,,,,,,,,,,,,,,,,,,,,,,,,,,,,,,,,,,,,,,,,,,,,,,,,,,,,,,,,,,,,,,,,,,,,,,,,,,,,,,,,,,,,,,,,,,,,,,,,,,,,,,,,,,,,,,,,,,,,,,,,,,,,,,,,,,,,,,,,,,,,,,,,,,,,,,,,,,,,,,,,,,,,,,,,,,,,,,,,,,
Q24175644,"বীরেন শিকদার","Biren Sikdar",,,"Biren Sikdar","বীরেন শিকদার",,male,politician,1949-10-16,,"বীরেন শিকদার",,,"Biren Sikdar",,,,,,,,,,,,,,,,,,,,,,,,,,,,,,,,,,,,,,,,,,,,,,,,,,,,,,,,,,,,,,,,,,,,,,,,,,,,,,,,,,,,,,,,,,,,,,,,,,,,,,,,,,,,,,,,,,,,,,,,,,,,,,,,,,,,,,,,,,,,,,,,,,,,,,,,,,,,,,,,,,,,,,,,,,,,,,,,,,,,,,,,,,,,,,,,,,,,,,,,,,,
Q24175646,"মোজাম্মেল হক সমাজী",,,,"মোজাম্মেল হক সমাজী","মোজাম্মেল হক সমাজী",,male,politician,,,"মোজাম্মেল হক সমাজী",,,,,,,,,,,,,,,,,,,,,,,,,,,,,,,,,,,,,,,,,,,,,,,,,,,,,,,,,,,,,,,,,,,,,,,,,,,,,,,,,,,,,,,,,,,,,,,,,,,,,,,,,,,,,,,,,,,,,,,,,,,,,,,,,,,,,,,,,,,,,,,,,,,,,,,,,,,,,,,,,,,,,,,,,,,,,,,,,,,,,,,,,,,,,,,,,,,,,,,,,,,,,,
Q24175648,"মিজানুর রহমান মিনু",,,,"মিজানুর রহমান মিনু","মিজানুর রহমান মিনু",,male,politician,,,"মিজানুর রহমান মিনু",,,,,,,,,,,,,,,,,,,,,,,,,,,,,,,,,,,,,,,,,,,,,,,,,,,,,,,,,,,,,,,,,,,,,,,,,,,,,,,,,,,,,,,,,,,,,,,,,,,,,,,,,,,,,,,,,,,,,,,,,,,,,,,,,,,,,,,,,,,,,,,,,,,,,,,,,,,,,,,,,,,,,,,,,,,,,,,,,,,,,,,,,,,,,,,,,,,,,,,,,,,,,,
Q26466250,,"Mohammad Fazlul Azim",,,"Mohammad Fazlul Azim",,"Mohammad Fazlul Azim",male,,1945-02-21,,"Mohammad Fazlul Azim",,,"Mohammad Fazlul Azim",,,,,,,,,,,,,,,,,,,,,,,,,,,,,,,,,,,,,,,,,,,,,,,,,,,,,,,,,,,,,,,,,,,,,,,,,,,,,,,,,,,,,,,,,,,,,,,,,,,,,,,,,,,,,,,,,,,,,,,,,,,,,,,,,,,,,,,,,,,,,,,,,,,,,,,,,,,,,,,,,,,,,,,,,,,,,,,,,,,,,,,,,,,,,,,,,,,,,,,,,,,
Q26703013,,"Syeda Sajeda Chowdhury",,,"Syeda Sajeda Chowdhury",,"Syeda Sajeda Chowdhury",female,,,,"Syeda Sajeda Chowdhury",,,"Syeda Sajeda Chowdhury",,,,,,,,,,,,,,,,,,,,,,,,,,,,,,,,,,,,,,,,,,,,,,,,,,,,,,,,,,,,,,,,,,,,,,,,,,,,,,,,,,,,,,,,,,,,,,,,,,,,,,,,,,,,,,,,,,,,,,,,,,,,,,,,,,,,,,,,,,,,,,,,,,,,,,,,,,,,,,,,,,,,,,,,,,,,,,,,,,,,,,,,,,,,,,,,,,,,,,,,,,,
Q26924748,,"Zahid Maleque",,,"Zahid Maleque",,"Zahid Maleque",male,,,,"Zahid Maleque",,,"Zahid Maleque",,,,,,,,,,,,,,,,,,,,,,,,,,,,,,,,,,,,,,,,,,,,,,,,,,,,,,,,,,,,,,,,,,,,,,,,,,,,,,,,,,,,,,,,,,,,,,,,,,,,,,,,,,,,,,,,,,,,,,,,,,,,,,,,,,,,,,,,,,,,,,,,,,,,,,,,,,,,,,,,,,,,,,,,,,,,,,,,,,,,,,,,,,,,,,,,,,,,,,,,,,,
Q26924752,,"Mashiur Rahaman Ranga",,,"Mashiur Rahaman Ranga",,"Mashiur Rahaman Ranga",male,,,,"Mashiur Rahaman Ranga",,,"Mashiur Rahaman Ranga",,,,,,,,,,,,,,,,,,,,,,,,,,,,,,,,,,,,,,,,,,,,,,,,,,,,,,,,,,,,,,,,,,,,,,,,,,,,,,,,,,,,,,,,,,,,,,,,,,,,,,,,,,,,,,,,,,,,,,,,,,,,,,,,,,,,,,,,,,,,,,,,,,,,,,,,,,,,,,,,,,,,,,,,,,,,,,,,,,,,,,,,,,,,,,,,,,,,,,,,,,,
Q26924761,,"Narayan Chandra Chan",,,"Narayan Chandra Chan",,"Narayan Chandra Chan",male,,,,"Narayan Chandra Chan",,,"Narayan Chandra Chan",,,,,,,,,,,,,,,,,,,,,,,,,,,,,,,,,,,,,,,,,,,,,,,,,,,,,,,,,,,,,,,,,,,,,,,,,,,,,,,,,,,,,,,,,,,,,,,,,,,,,,,,,,,,,,,,,,,,,,,,,,,,,,,,,,,,,,,,,,,,,,,,,,,,,,,,,,,,,,,,,,,,,,,,,,,,,,,,,,,,,,,,,,,,,,,,,,,,,,,,,,,
Q26924794,,"Ushwe Sing",,,"Ushwe Sing",,"Ushwe Sing",male,,,,"Ushwe Sing",,,"Ushwe Sing",,,,,,,,,,,,,,,,,,,,,,,,,,,,,,,,,,,,,,,,,,,,,,,,,,,,,,,,,,,,,,,,,,,,,,,,,,,,,,,,,,,,,,,,,,,,,,,,,,,,,,,,,,,,,,,,,,,,,,,,,,,,,,,,,,,,,,,,,,,,,,,,,,,,,,,,,,,,,,,,,,,,,,,,,,,,,,,,,,,,,,,,,,,,,,,,,,,,,,,,,,,
Q26997545,,"Baby Maudud",,,"Baby Maudud","বেবী মওদুদ","Baby Maudud",female,politician,1948-06-23,2014-07-25,"বেবী মওদুদ",,,"Baby Maudud",,,,,,,,,,,,,,53287001,,,,,,,,,,,,,,,,,,,,,,,,,,,,,,,,,,,,,,,,,,,,,,,,,,,,,,,,,,,,,,,,,,,,,,,,,,,,,,,,,,,,,,,,,,,,,,,,,,,,,,,,,,,,,,,,,,,,,,,,,,,,,,,,,,,,,,,,,,,,,,,,,,,,,,,,,,,,,,,,,,,,,,,,,,,,,,,,,,,,,,,,,,,,,
Q27044061,,"KM Obaidur Rahman",,,"KM Obaidur Rahman",,"KM Obaidur Rahman",male,,,2007-03-21,"KM Obaidur Rahman",,,"KM Obaidur Rahman",,,,,,,,,,,,,,,,,,,,,,,,,,,,,,,,,,,,,,,,,,,,,,,,,,,,,,,,,,,,,,,,,,,,,,,,,,,,,,,,,,,,,,,,,,,,,,,,,,,,,,,,,,,,,,,,,,,,,,,,,,,,,,,,,,,,,,,,,,,,,,,,,,,,,,,,,,,,,,,,,,,,,,,,,,,,,,,,,,,,,,,,,,,,,,,,,,,,,,,,,,,
Q27063647,,"Monnujan Sufian",,,"Monnujan Sufian",,"Monnujan Sufian",female,,,,"Monnujan Sufian",,,"Monnujan Sufian",,,,,,,,,,,,,,,,,,,,,,,,,,,,,,,,,,,,,,,,,,,,,,,,,,,,,,,,,,,,,,,,,,,,,,,,,,,,,,,,,,,,,,,,,,,,,,,,,,,,,,,,,,,,,,,,,,,,,,,,,,,,,,,,,,,,,,,,,,,,,,,,,,,,,,,,,,,,,,,,,,,,,,,,,,,,,,,,,,,,,,,,,,,,,,,,,,,,,,,,,,,
Q27178697,,"ASHK Sadek",,,"ASHK Sadek",,"ASHK Sadek",male,,,2007-09-09,"ASHK Sadek",,,"ASHK Sadek",,,,,,,,,,,,,,,,,,,,,,,,,,,,,,,,,,,,,,,,,,,,,,,,,,,,,,,,,,,,,,,,,,,,,,,,,,,,,,,,,,,,,,,,,,,,,,,,,,,,,,,,,,,,,,,,,,,,,,,,,,,,,,,,,,,,,,,,,,,,,,,,,,,,,,,,,,,,,,,,,,,,,,,,,,,,,,,,,,,,,,,,,,,,,,,,,,,,,,,,,,,
Q27662705,,"Kalparanjan Chakma",,,"Kalparanjan Chakma",,"Kalparanjan Chakma",male,,,,"Kalparanjan Chakma",,,"Kalparanjan Chakma",,,,,,,,,,,,,,,,,,,,,,,,,,,,,,,,,,,,,,,,,,,,,,,,,,,,,,,,,,,,,,,,,,,,,,,,,,,,,,,,,,,,,,,,,,,,,,,,,,,,,,,,,,,,,,,,,,,,,,,,,,,,,,,,,,,,,,,,,,,,,,,,,,,,,,,,,,,,,,,,,,,,,,,,,,,,,,,,,,,,,,,,,,,,,,,,,,,,,,,,,,,
Q27707270,,"Ziaul Haque Zia",,,"Ziaul Haque Zia",,"Ziaul Haque Zia",,politician,1953-03-11,2016-11-04,"Ziaul Haque Zia",,,"Ziaul Haque Zia",,,,,,,,,,,,,,,,,,,,,,,,,,,,,,,,,,,,,,,,,,,,,,,,,,,,,,,,,,,,,,,,,,,,,,,,,,,,,,,,,,,,,,,,,,,,,,,,,,,,,,,,,,,,,,,,,,,,,,,,,,,,,,,,,,,,,,,,,,,,,,,,,,,,,,,,,,,,,,,,,,,,,,,,,,,,,,,,,,,,,,,,,,,,,,,,,,,,,,,,,,,
Q27892444,,"Nasiruddin Ahmed Pintu",,,"Nasiruddin Ahmed Pintu",,"Nasiruddin Ahmed Pintu",,,,,"Nasiruddin Ahmed Pintu",,,,,,,,,,,,,,,,,,,,,,,,,,,,,,,,,,,,,,,,,,,,,,,,,,,,,,,,,,,,,,,,,,,,,,,,,,,,,,,,,,,,,,,,,,,,,,,,,,,,,,,,,,,,,,,,,,,,,,,,,,,,,,,,,,,,,,,,,,,,,,,,,,,,,,,,,,,,,,,,,,,,,,,,,,,,,,,,,,,,,,,,,,,,,,,,,,,,,,,,,,,,,,
Q3246667,"আব্দুল হামিদ","Abdul Hamid","Abdul Hamid","Abdul Hamid","Abdul Hamid","আব্দুল হামিদ","Abdul Hamid (politician)",male,politician,1944-01-01,,"Abdul Hamid (politician)","Abdul Hamid","Абдул Хамід","Abdul Hamid","Abdul Hamid","Abdul Hamid",,"Abdul Hamid","अब्दुल हामिद","Abdul Hamid (Politiker)","Abdul Hamid","अब्दुल हामिद (बांग्लादेशी राजनीतिज्ञ)","Abdul Hamid (politikus)","Abdul Hamid","Абдул Хамід",https://upload.wikimedia.org/wikipedia/commons/d/db/Abdul_Hamid_(politician).jpg,/m/0660jqx,,,,Abdul,"Abdul Hamid",,"阿卜杜勒·哈米德","Abdul Hamid (siyasetçi)",,"Хамид, Абдул","アブドゥル・ハーミド","Абдул Хамид (президент Бангладеш)","Abdul Hamid","Abdul Hamid","Abdul Hamid",,"محمد عبد الحميد",,"Abdul Hamid",,"Αμπντούλ Χαμίντ",,"Ābdul Hāmid","محمد عبدالحمید","Abdul Hamid",,,"Abdul Hamid","აბდულ ჰამიდი",,,,,,"Abdul Hamid","Abdul Hamid","Abdul Hamid","Абдул Хамид","Abdul Hamid",,"Hamid Abdul",,,"Abdul Hamid","Abdul Hamid","Abdul Hamid",,"압둘 하미드",,,"Abdul Hamid","അബ്ദുൽ ഹമീദ്",,,,,"Աբդուլ Համիդ",,,,,,,,,"محمد عبد الحميد",,,,,,"Category:Abdul Hamid (politician)",,,,"Αμπντούλ Χαμίντ",,,,"Ābdul Hāmid","محمد عبدالحمید",,"Abdul Hamid",,"Աբդուլ Համիդ (Բանգլադեշ)",,"Abdul Hamid (politico)","アブドゥル・ハーミド","აბდულ ჰამიდი (პოლიტიკოსი)",,"압둘 하미드 (정치인)","Abdul Hamid (politicus)",,,"അബ്ദുൽ ഹമീദ്",,,,,"Abdul Hamid (politicus)",,,"Abdul Hamid",,"Abdul Hamid",,,,,"Abdul Hamid (politician)",,"Абдул Хамид","Abdul Hamid (pulitikus)","Abdul Hamid (politiker)",,,"Hamid Abdul",,"阿卜杜勒·哈米德",,,,,,"აბდულ ჰამიდი","Abdul Hamid","อับดุล ฮามิด","Abdul Hamid","Abdul Hamid (politician)","อับดุล ฮามิด","Abdul Hamid","აბდულ ჰამიდი (პოლიტიკოსი)",Hamid,,,,,,,,,,,,,,,,,,,,,,,,,,,,,,,,,,,,,,,,,,,,,,,,,,,,,,,,,
Q3250277,"মওদুদ আহমেদ","Maudud Ahmed","Maudud Ahmed","Maudud Ahmed","Maudud Ahmed","মওদুদ আহমেদ","Moudud Ahmed",male,barrister,1940-05-24,,"মওদুদ আহমেদ",,"Маудуд Ахмед","Moudud Ahmed","Moudud Ahmed","Moudud Ahmed",,"Moudud Ahmed","मौदूद अहमद",,,"मौदूद अहमद",,"Moudud Ahmed","Маудуд Ахмед",,,17364387,,,,,,,,,"Маудуд Ахмед",,"Маудуд Ахмед",,,,,,,,,,,,,,,,,,,,,,,,,,,,,,,,,,,,,,,,,,,,,,,,,,,,,,,,,,,,,,,,,,,,,,,,,,,,,,,,,,,,,,,,,,,,,,,,,,"Maudud Ahmed",,,,,,,,,,"0000 0000 6306 6788",,13191531h,035468327,,,,,,,,,,,,,,,,,,,,,,,,,,,,,,,,,,,,,,,,,,,,,,,,,,,,,,,,,,,,,,,,,,,070885184
Q3324440,"মোরশেদ খান","Morshed Khan","Morshed Khan","Morshed Khan","Morshed Khan",,"Morshed Khan",male,politician,1940-08-08,,"Morshed Khan",,,"Morshed Khan","Morshed Khan",,,"Morshed Khan",,,"Morshed Khan",,,,,https://upload.wikimedia.org/wikipedia/commons/b/b8/Morshed_Khan.jpg,,,,,,,,,,,,,,,,,,,,,,,,,,,,,,,,,,,,,,,,,,,,,,,,,,,,,,,,,,,,,,,,,,,,,,,,,,,,,,,,,,,,,,,,,,,,,,,,,,,,,,,,,,,,,,,,,,,,,,,,,,,,,,,,,,,,,,,,,,,,,,,,,,,,,,,,,,,,,,,,,,,,,,,,,,,,,,,,,,,,,,,,,,,,,,,
Q3350401,"আবদূর রশীদ তর্কবাগীশ","Abdur Rashid Tarkabagish","Abdur Rashid Tarkabagish","Abdur Rashid Tarkabagish","Abdur Rashid Tarkabagish","আবদুর রশীদ তর্কবাগীশ","Abdur Rashid Tarkabagish",male,,1900-11-27,1986-08-20,"Abdur Rashid Tarkabagish","Maulana Abdur Rashid Tarkabagish",,"Abdur Rashid Tarkabagish","Abdur Rashid Tarkabagish",,,,,,,,"Maulana Abdur Rashid Tarkabagish",,,,,,,,,,,,,,,,,,,,,,,,,,,,,,,,,,,,,,,,,,,,,,,,,,,,,,,,,,,,,,,,,,,,,,,,,,,,,,,,,,,,,,,,,,,,,,,,,,,,,,,,,,,,,,,,,,,,,,,,,,,,,,,,,,,,,,,,,,,,,,,,,,,,,,,,,,,,,,,,,,,,,,,,,,,,,,,,,,,,,,,,,,,,,,,,,,
Q4159817,"জমীরুদ্দিন সরকার","Muhammad Jamiruddin Sircar","Jamiruddin Sircar","Muhammad Jamiruddin Sircar","Muhammad Jamiruddin Sircar","জমিরুদ্দিন সরকার","Muhammad Jamiruddin Sircar",male,politician,1931-12-01,,"Jamiruddin Sircar",,"Джаміруддін Сіркар","Muhammad Jamiruddin Sircar","Muhammad Jamiruddin Sircar",,,"Muhammad Jamiruddin Sircar",,"Jamiruddin Sircar",,,,,"Джаміруддін Сіркар",,,39022883,no2001031465,,Muhammad,,,,,,"Джамируддин Сиркар","ムハマド・ジャミルディン・シルカル","Сиркар, Джамируддин",,,,,,,,,,,,,,,,,,,,,,,,,,,,,,,,,,,,,,,,,,,,,,,,,,,,,,,,,,,,,,,,,,,,,,,,,,,,,,,,,,,,,,,,,,,,,,,,,,,,,,,,,,,,,,,,,,,,,,,,,,,,,,,,,,,,,,,,,,,,,,,,,,,,,,,,,,,,,,,,,,,,,,,,,,,,,,,,,,
Q461816,"হুসেইন মুহাম্মদ এরশাদ","Hussain Muhammad Ershad","Hossain Mohammad Ershad","Hossain Mohammad Ershad","Hussain Muhammad Ershad","হুসেইন মুহাম্মদ এরশাদ","Hussain Muhammad Ershad",male,politician,1930-02-01,,"হুসেইন মুহাম্মদ এরশাদ","Hussain Muhammad Ershad","Хуссейн Мухаммед Ершад","Hussain Muhammad Ershad","Hossain Mohammad Ershad",,,"Hossain Mohammad Ershad",,"Hossain Mohammad Ershad","Hossain Mohammad Ershad",,"Hussain Muhammad Ershad",,"Хуссейн Мухаммед Ершад",https://upload.wikimedia.org/wikipedia/commons/7/7a/Hussain_Muhammad_Ershad.jpg,/m/03682y,72202995,n84217010,137750,,,,"艾尔沙德",,,"Эршад, Хуссейн Мохаммад","ホサイン・ムハマド・エルシャド","Эршад, Хуссейн Мохаммад","Hossain Mohammad Ershad",,,,"حسين محمد ارشاد",,,,,,,"حسین محمد ارشاد","Hossain Mohammad Ershad",,,"Hossain Mohammad Ershad",,,,"हुसेन मुहम्मद इर्शाद",,,,"Hossain Mohammad Ershad",,,,,,,,"Hossain Mohammad Ershad",,,,"후세인 무하메드 에르샤드",,,,,,,,,,,,"艾爾沙德","艾尔沙德",,,,,"حسين محمد ارشاد",,,,,,,,,,,,,,,"حسین محمد ارشاد",,"Hossain Mohammad Ershad",,,,"Hossain Mohammad Ershad",,,,"후세인 무하메드 에르샤드",,,,,"हुसेन मुहम्मद इर्शाद",,,,,,"Hossain Mohammad Ershad",,,"Hossain Mohammad Ershad",,,,,,,,,,,,,,"艾尔沙德",,11939023X,,,,,,,"Hussein Muhammad Ershad",,,"Hussein Muhammad Ershad",,,,,"艾尔沙德","艾爾沙德","艾尔沙德","艾爾沙德",,"حۋسسەين مۇحاممەد ەرشاد","حۋسسەين مۇحاممەد ەرشاد","Xwsseýn Muxammed Érşad","Хуссейн Мұхаммед Эршад","Хуссейн Мұхаммед Эршад","Xwsseýn Muxammed Érşad","Хуссейн Мұхаммед Эршад",,"Хуссейн Мұхаммед Эршад",,,,,,,,,,,,,,,,,,,,,,,,,,,,,,,,,,,,,,,,,
Q462068,"সাইফুর রহমান","Saifur Rahman","Saifur Rahman","Saifur Rahman","Saifur Rahman","সাইফুর রহমান","Saifur Rahman (politician)",male,politician,1932-10-06,2009-09-05,"সাইফুর রহমান",,,"Saifur Rahman","Saifur Rahman",,"Saifur Rahman","Saifur Rahman",,"Saifur Rahman",,,,,,,/m/0drq6_,,,,,,,,,,,,,,,,,,,,,,,,,,,,,,,,,,,,,,,,,,,,,,,,,,,,,,,,,,,,,,,,,,,,,,,,,,,,,,,,,,,,,,,,,,,,,,,,,,,,"Saifur Rahman",,,,,,,,,,,,,,,,,,,,,,,,,,,,,,,,,,,,,,,,,,,,,,,,,,144451,,,,,,,,,,,,,,,,,,,,,,,,,,,,,,,,,,,,,,,,
Q4648023,,"A. K. Faezul Huq",,,"A. K. Faezul Huq",,"A. K. Faezul Huq",male,politician,1945-03-15,2007-07-19,"A. K. Faezul Huq",,,"A. K. Faezul Huq",,,,,,,,,,,,,,,,,A.,,,,,,,,,,,,,,"এ কে ফায়েজুল হক",,,,,,,,,,,,,,,,,,,,,,,,,,,,,,,,,,,,,,,,,,,,,,,,,,,,"এ কে ফায়েজুল হক",,,,,,,,,,,,,,,,,,,,,,,,,,,,,,,,,,,,,,,,,,,,,,,,,,,,,,,,,,,,,,,,,,,,,,,,,,,,,,,,,,,,,,,,,,,,,,,,,,,,,,,,,,,,,,,,,,,,,,,,
Q4648163,,"A. M. Zahiruddin Khan",,,"A. M. Zahiruddin Khan",,"A. M. Zahiruddin Khan",male,,1936-07-05,2005-03-29,"A. M. Zahiruddin Khan",,,"A. M. Zahiruddin Khan",,,,,,,,,,,,,,299667079,,,A.,,,,,,,,,,,,,,,,,,,,,,,,,,,,,,,,,,,,,,,,,,,,,,,,,,,,,,,,,,,,,,,,,,,,,,,,,,,,,,,,,,,,,,,,,,,,,,,,,,,,,,,,,,,,,,,,,,,,,,,,,,,,,,,,,,,,,,,,,,,,,,,,,,,,,,,,,,,,,,,,,,,,,,,,,,,,,,,,,,,,,,,,,,
Q4665539,"আব্দুল মালেক উকিল","Abdul Malek Ukil","Abdul Malek Ukil","Abdul Malek Ukil","Abdul Malek Ukil","আব্দুল মালেক উকিল","Abdul Malek Ukil",male,politician,1924-10-01,1987-10-17,"আব্দুল মালেক উকিল",,,"Abdul Malek Ukil","Abdul Malek Ukil",,,,"अब्दुल मालिक वकील",,,"अब्दुल मालिक वकील",,,,,,,,,Abdul,,,,,,,,,,,,,,,,,,,,,,,,,,,,,,,,,,,,,,,,,,,,,,,,,,,,,,,,,,,,,,,,,,,,,,,,,,,,,,,,,,,,,,,,,,,,,,,,,,,,,,,,,,,,,,,,,,,,,,,,,,,,,,,,,,,,,,,,,,,,,,,,,,,,,,,,,,,,,,,,,,,,,,,,,,,,,,,,,,,,,,,,,,
Q4665548,"আব্দুল মান্নান ভূঁইয়া","Abdul Mannan Bhuiyan","Abdul Mannan Bhuiyan","Abdul Mannan Bhuiyan","Abdul Mannan Bhuiyan","আব্দুল মান্নান ভূঁইয়া","Abdul Mannan Bhuiyan",male,politician,1943-01-03,2010-07-28,"Abdul Mannan Bhuiyan",,,"Abdul Mannan Bhuiyan","Abdul Mannan Bhuiyan",,,"Abdul Mannan Bhuiyan",,,,,,,,,,,,,"Abdul Mannan",,,,,,,,,,,,,,,,,,,,,,,,,,,,,,,,,,,,,,,,,,,,,,,,,,,,,,,,,,,,,,,,,,,,,,,,,,,,,,,,,,,,,,,,,,,,,,,,,,,,,,,,,,,,,,,,,,,,,,,,,,,,,,,,,,,,,,,,,,,,,,,,,,,,,,,,,,,,,,,,,,,,,,,,,,,,,,,,,,,,,,,,,,
Q4700414,,"Akbar Hossain","Akbar Hossain","Akbar Hossain","Akbar Hossain",,"Akbar Hossain",male,,1941,2006-06-25,"Akbar Hossain",,,"Akbar Hossain",,,,,,,,,,,,,,60962435,,,,,,,,,,,,,,,,,,,,,,,,,,,,,,,,,,,,,,,,,,,,,,,,,,,,,,,,,,,,,,,,,,,,,,,,,,,,,,,,,,,,,,,,,,,,,,,,,,,,,,,,,,,,,,,,,,,,,,,,,,,,,,,,,,,,,,,,,,,,,,,,,,,,,,,,,,,,,,,,,,,,,,,,,,,,,,,,,,,,,,,,,,,,,
Q4803291,"আসাদুজ্জামান নূর","Asaduzzaman Noor","Asaduzzaman Noor","Asaduzzaman Noor","Asaduzzaman Noor","আসাদুজ্জামান নূর","Asaduzzaman Noor",male,actor,1946-10-31,,"Asaduzzaman Noor",,,"Asaduzzaman Noor","Asaduzzaman Noor",,,,,,,,,,,https://upload.wikimedia.org/wikipedia/commons/3/37/Asaduzzaman_Noor_Korea_2014.png,,,,,,,,,,,,,,,,,,,,,,,,,,,,,,,,,,,,,,,,,,,,,,,,,,,,,,,,,,,,,,,,,,,,,,,,,,,,,,,,,,,,,,,,,,,,,,,,,,,,,,,,,,,,,,,,,,,,,,,,,,,,,,,,,,,,,,,nm0634769,43c2317d-fd1c-45a4-abdc-dfbe6a78bdb1,,,,,,,,,,,,,,,,,,,,,,,,,,,,,,,,,,,,,,,,,,,,,,,,,,,,,,,
Q4832765,"আজিজুল হক","Azizul Haque","Azizul Haque","Azizul Haque","Azizul Haque","আজিজুল হক (পণ্ডিত)","Azizul Haque (scholar)",male,,1919,2012-08-08,"Azizul Haque (scholar)",,,"Azizul Haque",,,,,,,,,,,,https://upload.wikimedia.org/wikipedia/commons/c/ca/Shaykh_Ul_Hadith_Allamah.png,,,,,,,,,,,,,,,,,,,,,,,,,,,,,,,,,,,,,,,,,,,,,,,,,,,,,,,,,,,,,,,,,,,,,,,,,,,,,,,,,,,,,,,,,,,,,,,,,,,,,,,,,,,,,,,,,,,,,,,,,,,,,,,,,,,,,,,,,,,,,,,,,,,,,,,,,,,,,,,,,,,,,,,,,,,,,,,,,,,,,,,,,,,,,,,
Q5141788,"শওকত আলী","Col. Shawkat Ali",,,"Col. Shawkat Ali","শওকত আলী (ডেপুটি স্পিকার)","Shawkat Ali (politician)",male,politician,1937-01-27,,"Shawkat Ali (politician)",,,"Shawkat Ali","Col. Shawkat Ali",,,,,,,,,,,,,18624125,n84109080,158314,,,,,,,,,,,,,,,,,,,,,,,,,,,,,,,,,,,,,,,,,,,,,,,,,,,,,,,,,,,,,,,,,,,,,,,,,,,,,,,,,,,,,,,,,,,,,,,,,,,,,,,,,,,,,,,,,,,,,,,,,,,,,,,,,,,,,,,,,,,,,,,,,,,,,,,,,,,,,,,,,,,,,,,,,,,,,,,,,,,,,,,,,,,
Q52183,"শেখ হাসিনা","Sheikh Hasina","Hasina Wajed","Sheikh Hasina Wajed","Sheikh Hasina","শেখ হাসিনা","Sheikh Hasina",female,politician,1947-09-28,,"শেখ হাসিনা","Sheikh Hasina Wajed","Хасіна Вазед","Hasina Wajed","Sheikh Hasina","Sheikh Hasina","Sheikh Hasina Wazed","Sheikh Hasina","शेख हसीना","Hasina Wajed","Sheikh Hasina","शेख हसीना","Hasina Wajed","Sheikh Hasina","Хасіна Вазед",https://upload.wikimedia.org/wikipedia/commons/9/9d/Sheikh_Hasina_-_2009.jpg,/m/02xs52,19843607,n88184910,256936,,"Şeyh Hasina Vecid","حسینہ واجد","谢赫·哈西娜","Şeyh Hasina Vecid","حسینہ واجد","Хасина, Шейх","シェイク・ハシナ","Хасина, Шейх","Sheikh Hasina","Sheikh Hasina","Sheikh Hasina","Sjeikh Hasina","شيخة حسينة واجد","শেখ হাসিনা","Sheikh Hasina","Hasina Wajed","Σεΐχ Χασίνα","Hasina Oaĝed","Hāsinā Oyājed","شیخ حسینه","Sheikh Hasina","חסינה ואזד","Sheikh Hasina Wazed","Sheikh Hasina","შეიხ ჰასინა","ಶೇಕ್ ಹಸೀನ",Hasina,"शेख हसीना वाजेद","Sheikh Hasina Wazed","ရှိတ်ဟာဆီနာ","Sheikh Hasina Wazed","Sheikh Hasina Wajed","Sheikh Hasina","Хасина Вазед","Hasina Wajed","ஷேக் ஹசீனா","Hasina Šeih","Sheikh Hasina","Шэйх Хасіна","Sheikh Hasina","Syéikh Hasina","Sheikh Hasina","Sheikh Hasina Wazed","셰이크 하시나","Sheikh Hasina","Sheikh Hasina","Sheikh Hasina","ഷേഖ് ഹസീന","ਸ਼ੇਖ ਹਸੀਨਾ","షేక్ హసీనా","Šajch Hasína Vadžídová","शेख हसिना","Շեյխ Հասինա","Hasína Wadžídová","حسينه واجد","謝克·哈西納","谢克·哈西纳","Sheikh Hasina","शेख हसिना","শেখ হাছিনা","Sjeikh Hasina","شيخة حسينة واجد","শেখ হাছিনা","Шейх Хасина Вазед","Шэйх Хасіна","শেখ হাসিনা","Sheikh Hasina","Category:Sheikh Hasina","Šajch Hasína Vadžídová","Sheikh Hasina Wazed","Sheikh Hasina","Σεΐχ Χασίνα","Category:Sheikh Hasina","Sheikh Hasina","Hasina Oaĝed","Hāsinā Oyājed","شیخ حسینه","شیخ حسینه","Sheikh Hasina","הסינה ואזד","Շեյխ Հասինա","Sheikh Hasina Wazed","Sheikh Hasina","シェイク・ハシナ","შეიხ ჰასინა","ಶೇಕ್ ಹಸೀನ","셰이크 하시나","Sheikh Hasina","शेख हसिना",Hasina,"ഷേഖ് ഹസീന","शेख हसीना","Sheikh Hasina Wazed","ရှိတ်ဟာဆီနာ (ဘင်္ဂလာဒေ့ရှ် ဝန်ကြီးချုပ်)","शेख हसिना","Hasina Wajed","Sheikh Hasina","Sheikh Hasina","Sheikh Hasina Wazed","ਸ਼ੇਖ ਹਸੀਨਾ","Sheikh Hasina Wajed","Sheikh Hasina Wajed","Sheikh Hasina","Sheikh Hasina","حسينه واجد","Sheikh Hasina","Hasína Wadžídová","Хасина Вазед","Syéikh Hasina","Hasina Wajed","சேக் அசீனா","షేక్ హసీనా","Hasina Šeih","Sheikh Hasina","谢赫·哈西娜","0000 0000 8099 0980",122486803,13554769b,086196960,,,,,,,,,,,,,,,,,,,,,,,,,,,,,,,,,,,,,,,,,,,,,,,,,,,,,,,,,,,,,,,,,,,
Q5254959,"দেলোয়ার হোসেন সাঈদী","Delwar Hossain Sayeedi","Delwar Hossain Sayeedi","Delwar Hossain Sayeedi","Delwar Hossain Sayeedi","দেলাওয়ার হোসাইন সাঈদী","Delwar Hossain Sayeedi",male,,1940-02-01,,"দেলাওয়ার হোসাইন সাঈদী",,,"Delwar Hossain Sayeedi","Delwar Hossain Sayeedi",,,,,,,,,,,,,,,,,,,,,,,,,,,,,"دلوار حسين سعيدي",,,,,,,,,,,,,,,,,,,,,,,,,,,,,,,,,,,,,,,,,,,,,,,,,"دلوار حسين سعيدي",,,,,,,,,,,,,,,,,,,,,,,,,,,,,,,,,,,,,,,,,,,,,,,,,,,,,,,,,,,,,,,,,,,,,,,,,,,,,,,,,,,,,,,,,,,,,,,,,,,,,,,,,,,,,,,,,,,,,,,,,,,,
Q5436509,,"Faruk Khan","Faruk Khan","Faruk Khan","Faruk Khan",,"Faruk Khan",male,politician,1951,,"Faruk Khan",,,"Faruk Khan","Faruk Khan",,,"Faruk Khan",,,,,,,,https://upload.wikimedia.org/wikipedia/commons/a/af/Colonel_Faruk_Khan.JPG,,,,,Faruk,,,,,,,,,,,,,,,,,,,,,,,,,,,,,,,,,,,,,,,,,,,,,,,,,,,,,,,,,,,,,,,,,,,,,,,,,,,,,,,,,,,,,,,,,,,,,,,,,,,,,,,,,,,,,,,,,,,,,,,,,,,,,,,,,,,,,,,,,,,,,,,,,,,,,,,,,,,,,,,,,,,,,,,,,,,,,,,,,,,,,,,,,,
Q5644676,,"Hamida Banu Shova",,"Hamida Banu Shova","Hamida Banu Shova",,"Hamida Banu Shova",female,,1954-02-02,,"Hamida Banu Shova",,,"Hamida Banu Shova",,,,,,,,,,,,,,,,,,,,,,,,,,,,,,,,,,,,,,,,,"Hamida Banu Shova",,,,,,,,,,,,,,,,,,,,,,,,,,,,,,,,,,,,,,,,,,,,,,,,,,,,,,,,,,,,,,,,,,,,,,,,,,,,,,,,,,,,,,,,,,,,,,,,,,,,,,,,,,,,,,,,,,,,,,,,,,,,,,,,,,,,,,,,,,,,,,,,,,,,,,,,,,,,,,,,,,
Q5649019,"হান্নান শাহ","Hannan Shah","Hannan Shah",,"Hannan Shah","হান্নান শাহ","Hannan Shah",male,politician,1941-10-11,2016-09-27,"হান্নান শাহ",,,"Hannan Shah",,,,,,,,,,,,,,,,,,,,,,,,,,,,,,,,,,,,,,,,,"Hannan Shah",,,,,,,,,,,,,,,,,,,,,,,,,,,,,,,,,,,,,,,,,,,,,,,,,,,,,,,,,,,,,,,,,,,,,,,,,,,,,,,,,,,,,,,,,,,,,,,,,,,,,,,,,,,,,,,,,,,,,,,,,,,,,,,,,,,,,,,,,,,,,,,,,,,,,,,,,,,,,,,,,,
Q58264,"দীপু মনি","Dipu Moni","Dipu Moni","Dipu Moni","Dipu Moni","দীপু মনি","Dipu Moni",female,diplomat,1965,,"দীপু মনি",,,"Dipu Moni","Dipu Moni",,,,,"Dipu Moni","Dipu Moni",,,,,https://upload.wikimedia.org/wikipedia/commons/9/99/Dipu_Moni_February_2013_(8510153398).jpg,/m/05mwd2f,,,,,,,,,,,,,,,,,,,,,,,,,,,,"Dipu Moni",,,,,,,"Dipu Moni",,,,,,,,,,,,"Dipu Moni",,,,,,,,,,,,,,,,,,,,,,,,,,,,,,,,,,,,,,,,,,,,,,,,,,,,,,,,,,,,,,,,,,,,,,,,,,,,,,,,,,,,,,,,,,,,,,,,,,,,,,,,,,,,,,,,,,,,,,,,,,,,,,,,,,,,,,,,,,,,,,,
Q5908157,,"Hosne Ara Wahid","Hosne Ara Wahid",,"Hosne Ara Wahid",,"Hosne Ara Wahid",female,,1955-02-28,,"Hosne Ara Wahid",,,"Hosne Ara Wahid",,,,,,,,,,,,,,,,,,,,,,,,,,,,,,,,,,,,,,,,,,,,,,,,,,,,,,,,,,,,,,,,,,,,,,,,,,,,,,,,,,,,,,,,,,,,,,,,,,,,,,,,,,,,,,,,,,,,,,,,,,,,,,,,,,,,,,,,,,,,,,,,,,,,,,,,,,,,,,,,,,,,,,,,,,,,,,,,,,,,,,,,,,,,,,,,,,,,,,,,,,,
Q6294470,,"Jotindra Lal Tripura","Jotindra Lal Tripura",,"Jotindra Lal Tripura",,"Jotindra Lal Tripura",male,,,,"Jotindra Lal Tripura",,,"Jotindra Lal Tripura",,,,,,,,,,,,,,,,,,,,,,,,,,,,,,,,,,,,,,,,,,,,,,,,,,,,,,,,,,,,,,,,,,,,,,,,,,,,,,,,,,,,,,,,,,,,,,,,,,,,,,,,,,,,,,,,,,,,,,,,,,,,,,,,,,,,,,,,,,,,,,,,,,,,,,,,,,,,,,,,,,,,,,,,,,,,,,,,,,,,,,,,,,,,,,,,,,,,,,,,,,,
Q6311615,"জুনাইদ আহমেদ পলক","Junaid Pollock","Junaid Pollock","Junaid Pollock","Junaid Pollock","জুনাইদ আহমেদ পলক","Zunaid Ahmed Palak",male,politician,1980-05-17,,"জুনাইদ আহমেদ পলক",,,"Junaid Pollock","Junaid Pollock",,,"Junaid Pollock",,,,,,,,https://upload.wikimedia.org/wikipedia/commons/b/b6/BD_MP_Zunaid_Ahmed_Palak.jpg,,,,,,,,,,,,,,,,,,,,,,,,,,,,,,,,,,,,,,,,,,,,,,,,,,,,,,,,,,,,,,,,,,,,,,,,,,,,,,,,,,,,,,,,,,,,,,,,,,,,,,,,,,,,,,,,,,,,,,,,,,,,,,,,,,,,,,,,,,,,,,,,,,,,,,,,,,,,,,,,,,,,,,,,,,,,,,,,,,,,,,,,,,,,,,,
Q6733938,,"Mahi B. Chowdhury",,,"Mahi B. Chowdhury",,"Mahi B. Chowdhury",male,,1969-03-13,,"Mahi B. Chowdhury",,,"Mahi B. Chowdhury",,,,,,,,,,,,,,,,,,,,"莫希·B·喬杜里",,,,,,,,,,,,,,,,,,,,,,,,,,,,,,,,,,,,,,,,,,,,,,,,,,,,,,,,,,,,,,,,,,,,,,,,,,,,,,,,,,,,,,,,,,,,,,,,,,,,,,,,,,,,,,,,,,,,,,,,,,,,,,,,,,,,,,,,,,,,,,,,,,,,,,,,,,,,,,,,,,,,,,,,,,,,,,,,,,,,,,,
Q6736829,,"Mainul Hosein","Mainul Hosein","Mainul Hosein","Mainul Hosein",,"Mainul Hosein",male,author,,,"Mainul Hosein",,,,"Mainul Hosein",,,,,,,,,,,,,,,,,,,,,,,,,,,,,,,,,,,,,,,,"Mainul Hosein",,,,,,,,,,,,,,,,,,,,,,,,,,,,,,,,,,,,,,,,,,,,,,,,,,,,,,,,,,,,,,,,,,,,,,,,,,,,,,,,,,,,,,,,,,,,,,,,,,,,,,,,,,,,,,,,,,,,,,,,,,,,,,,,,,,,,,,,,,,,,,,,,,,,,,,,,,,,,,,,,,
Q6787396,"মতিয়া চৌধুরী","Matia Chowdhury","Matia Chowdhury","Matia Chowdhury","Matia Chowdhury","মতিয়া চৌধুরী","Matia Chowdhury",female,politician,1942-06-30,,"Matia Chowdhury",,,"Matia Chowdhury","Matia Chowdhury",,,"Matia Chowdhury",,,"Matia Chowdhury",,,,,https://upload.wikimedia.org/wikipedia/commons/a/a2/Matia_Chowdhury_at_IRRI.jpg,,,,,,,,,,,,,,,,,,,,,,,,,,,,,,,,,,,,,,,,,,,,,,,,,,,,,,,,,,,,,,,,,,,,,,,,,,,,,,,,,,,,,,,,,,,,,,,,,,,,,,,,,,,,,,,,,,,,,,,,,,,,,,,,,,,,,,,,,,,,,,,,,,,,,,,,,,,,,,,,,,,,,,,,,,,,,,,,,,,,,,,,,,,,,,,
Q6874839,"মির্জা ফখরুল ইসলাম আলমগীর","Mirza Fakhrul Islam Alamgir","Mirza Fakhrul Islam Alamgir","Mirza Fakhrul Islam Alamgir","Mirza Fakhrul Islam Alamgir","মির্জা ফখরুল ইসলাম আলমগীর","Mirza Fakhrul Islam Alamgir",male,politician,1948-08-01,,"মির্জা ফখরুল ইসলাম আলমগীর",,,"Fakhrul Islam Alamgir","Mirza Fakhrul Islam Alamgir",,,"Mirza Fakhrul Islam Alamgir",,,,,,,,https://upload.wikimedia.org/wikipedia/commons/6/66/Fakhrul_Islam_Alamgir.jpg,,,,,,,,,,,,,,,,,,,,,,,,,,,,,,,,,,,,,,,,,,,,,,,,,,,,,,,,,,,,,,,,,,,,,,,,,,,,,,,,,,,,,,,,,,,,,,,,,,,,,,,,,,,,,,,,,,,,,,,,,,,,,,,,,,,,,,,,,,,,,,,,,,,,,,,,,,,,,,,,,,,,,,,,,,,,,,,,,,,,,,,,,,,,,,,
Q6874850,,"Mirza Ghulam Hafiz","Mirza Ghulam Hafiz","Mirza Ghulam Hafiz","Mirza Ghulam Hafiz",,"Mirza Ghulam Hafiz",male,,1920,2000-12-20,"Mirza Ghulam Hafiz",,,,"Mirza Ghulam Hafiz",,,,"मिर्जा गुलाम हाफिज",,,"मिर्जा गुलाम हाफिज",,,,,,,,,,,,,,,,,,,,,,,,,,,,,,,,,"Mirza Ghulam Hafiz",,,,,,,,,,,,,,,,,,,,,,,,,,,,,,,,,,,,,,,,,,,,,,,,,,,,,,,,,,,,,,,,,,,,,,,,,,,,,,,,,,,,,,,,,,,,,,,,,,,,,,,,,,,,,,,,,,,,,,,,,,,,,,,,,,,,,,,,,,,,,,,,,,,,,,,,,,,,,,,,,,
Q6891941,"মোহাম্মদ ফরহাদ","Mohammad Farhad","Mohammad Farhad","Mohammad Farhad","Mohammad Farhad","মোহাম্মদ ফরহাদ","Mohammad Farhad",male,politician,1938-07-05,1987-10-09,"Mohammad Farhad",,,,"Mohammad Farhad",,,,,,,,,,,,,,,,Mohammad,,,,,,"Фархад, Мухаммед",,"Фархад, Мухаммед",,,,,,,,,,,,,,,,,,,,,,,,,,,,,,,,,,,,,,,,,,,,,,,,,,,,,,,,,,,,,,,,,,,,,,,,,,,,,,,,,,,,,,,,,,,,,,,,,,,,,,,,,,,,,,,,,,,,,,,,,,,,,,,,,,,,,,,,,,,,,,,,,,,,,,,,,,,,,,,,,,,,,,,,,,,,,,,,,,
Q6915281,"আলহাজ্ব মোহাম্মদ মোসাদ্দেক আলী","Al-haj Mohammad Mosaddak Ali Falu","Mosaddek Ali Falu","Mosaddek Ali Falu","Al-haj Mohammad Mosaddak Ali Falu",,"Mosaddek Ali Falu",male,,1960-04-07,,"Mosaddek Ali Falu",,,"Mosaddek Ali Falu",,,,,,,,,,,,https://upload.wikimedia.org/wikipedia/commons/f/f3/Mosaddak_Ali.jpg,,,,,,,,,,,,,,,,,,,,,,,,,,,,,,,,,,,,,,,,,,,,,,,,,,,,,,,,,,,,,,,,,,,,,,,,,,,,,,,,,,,,,,,,,,,,,,,,,,,,,,,,,,,,,,,,,,,,,,,,,,,,,,,,,,,,,,,,,,,,,,,,,,,,,,,,,,,,,,,,,,,,,,,,,,,,,,,,,,,,,,,,,,,,,,,
Q6917853,"মতিউর রহমান নিজামী","Motiur Rahman Nizami","Motiur Rahman Nizami","Motiur Rahman Nizami","Motiur Rahman Nizami","মতিউর রহমান নিজামী","Motiur Rahman Nizami",male,,1943-03-31,2016-05-11,"মতিউর রহমান নিজামী","Motiur Rahman Nizami",,"Motiur Rahman Nizami","Motiur Rahman Nizami",,,,"मोतीउर रहमान निज़ामी","Motiur Rahman Nizami",,"मोतीउर रहमान निज़ामी","Motiur Rahman Nizami",,,,,,,,,"Mevlana Nizami","مطیع الرحمان نظامی","穆蒂·拉赫曼·尼扎米",,"مطیع الرحمان نظامی","Мотиур Рахман Низами",,,,,,,"مطيع الرحمن نظامي",,,,,,,"مطیع الرحمان نظامی","Motiur Rahman Nizami",,,,,,,,,,,,,,,"மோதியுர் ரஹ்மான் நிஸாமி",,,,,,,,,,,,"മുതീഉർറഹ്മാൻ നിസാമി",,,,,,,,,,,,,,"مطيع الرحمن نظامي",,,,,,,,,,,,,,,"مطیع الرحمان نظامی",,"Motiur Rahman Nizami",,,,,,,,,,,,"മുതീഉർറഹ്മാൻ നിസാമി",,,,,"Motiur Rahman Nizami",,,,,,,,,,"Motiur Rahman Nizami",,,,,"மோதியுர் ரஹ்மான் நிஸாமி",,,,"穆蒂·拉赫曼·尼扎米",,,,,,,,,,,,,,,,,,,,,,,,,,,,,,,,"Mevlana Nizami",,,,,,,,,,,,,,,,,,,,,,,,,,,,,,,,,,,,,,,
Q6943274,"আ হ ম মোস্তফা কামাল","Mustafa Kamal","Mustafa Kamal","Mustafa Kamal","Mustafa Kamal","আ হ ম মোস্তফা কামাল","Mustafa Kamal (politician)",male,,1947-06-15,,"Mustafa Kamal (politician)",,,,,,,,,,,,,,,,,,,,Mustafa,,,,,,,,,,,,,,,,,,,,,,,,,,,,,,,,,,,,,,,,,,,,,,,,,,,,,,,,,,,,,,,,,,,,,,,,,,,,,,,,,,,,,,,,,,,,,,,,,,,,,,,,,,,,,,,,,,,,,,,,,,,,,,,,,,,,,,,,,,,,,,,,,,,,,,,,,,,,,,,,,,,,,,,,,,,,,,,,,,,,,,,,,,
Q7070143,,"Nurjahan Murshid","Nurjahan Murshid","Nurjahan Murshid","Nurjahan Murshid",,"Nurjahan Murshid",female,,1925-05-22,2003-09-01,"Nurjahan Murshid",,,,,,,,,,,,,,,,,,,,,,,,,,,,,,,,,,,,,,,,,,,,,,,,,,,,,,,,,,,,,,,,,,,,,,,,,,,,,,,,,,,,,,,,,,,,,,,,,,,,,,,,,,,,,,,,,,,,,,,,,,,,,,,,,,,,,,,,,,,,,,,,,,,,,,,,,,,,,,,,,,,,,,,,,,,,,,,,,,,,,,,,,,,,,,,,,,,,,,,,,,,,,,
Q7070297,,"Nuruddin Khan","Nuruddin Khan",,"Nuruddin Khan",,"Nuruddin Khan",male,,,,"Nuruddin Khan",,,"Nuruddin Khan","Nuruddin Khan",,,,,,,,,,,,,,,,,,,,,,,,,,,,,,,,,,,,,,,,,,,,,,,,,,,,,,,,,,,,,,,,,,,,,,,,,,,,,,,,,,,,,,,,,,,,,,,,,,,,,,,,,,,,,,,,,,,,,,,,,,,,,,,,,,,,,,,,,,,,,,,,,,,,,,,,,,,,,,,,,,,,,,,,,,,,,,,,,,,,,,,,,,,,,,,,,,,,,,,,,,
Q7294828,"রাশেদ খান মেনন","Rashed Khan Menon","Rashed Khan Menon",,"Rashed Khan Menon","রাশেদ খান মেনন","Rashed Khan Menon",male,,1943-05-18,,"রাশেদ খান মেনন",,,,,,,,,,,,,,,,,,,,,,,,,,,,,,,,,,,,,,,,,,,,,,,,,,,,,,,,,,,,,,,,,,,,,,,,,,,,,,,,,,,,,,,,,,,,,,,,,,,,,,,,,,,,,,,,,,,,,,,,,,,,,,,,,,,,,,,,,,,,,,,,,,,,,,,,,,,,,,,,,,,,,,,,,,,,,,,,,,,,,,,,,,,,,,,,,,,,,,,,,,,,,,
Q7378685,,"Ruhul Quddus Talukdar","Ruhul Quddus Talukdar",,"Ruhul Quddus Talukdar",,"Ruhul Quddus Talukdar",male,,,,"Ruhul Quddus Talukdar",,,,,,,,,,,,,,,,,,,,,,,,,,,,,,,,,,,,,,,,,,,,,,,,,,,,,,,,,,,,,,,,,,,,,,,,,,,,,,,,,,,,,,,,,,,,,,,,,,,,,,,,,,,,,,,,,,,,,,,,,,,,,,,,,,,,,,,,,,,,,,,,,,,,,,,,,,,,,,,,,,,,,,,,,,,,,,,,,,,,,,,,,,,,,,,,,,,,,,,,,,,,,,
Q7396043,"সাবের হোসেন চৌধুরী","Saber Hossain Chowdhury","Saber Hossain Chowdhury","Saber Hossain Chowdhury","Saber Hossain Chowdhury","সাবের হোসেন চৌধুরী","Saber Hossain Chowdhury",male,,1961-09,,"সাবের হোসেন চৌধুরী",,,"Saber Hossain Chowdhury","Saber Hossain Chowdhury",,,,,,,,,,,,,,,,,,,,,,,,,,,,,,,,,,,,,,,,,,,,,,,,,,,,,,,,,,,,,,,,,,,,,,,,,,,,,,,,,,,,,,,,,,,,,,,,,,,,,,,,,,,,,,,,,,,,,,,,,,,,,,,,,,,,,,,,,,,,,,,,,,,,,,,,,,,,,,,,,,,,http://www.saberchowdhury.com,,,,,,,,,,,,,,,,,,,,,,,,,,,,,,,,,,,,,,
Q7399497,,"Sahara Khatun","Sahara Khatun","Sahara Khatun","Sahara Khatun",,"Sahara Khatun",female,,1943-03-01,,"Sahara Khatun",,,"Sahara Khatun","Sahara Khatun",,,,,,,,,,,https://upload.wikimedia.org/wikipedia/commons/9/94/Sahara_Khatun.jpg,,,,,Sahara,,,,,,,,,,,,,,,,,,,,,,,,,,,,,,,,,,,,,,,,,,,,,,,,"സഹാറ ഖാതൂൻ",,,,,,,,,,,,,,,,,,,,,,,,,,,,,,,,,,,,,,,,,,,"സഹാറ ഖാതൂൻ",,,,,,,,,,,,,,,,,,,,,,,,,,,,,,,,,,,,,,,,,,,,,,,,,,,,,,,,,,,,,,,,,,,,,,,,,,,,,,,,,,,,,,,,,,,,,,,
Q7403479,"সালাউদ্দিন কাদের চৌধুরী","Salahuddin Quader Chowdhury","Salahuddin Quader Chowdhury","Salahuddin Quader Chowdhury","Salahuddin Quader Chowdhury","সালাউদ্দিন কাদের চৌধুরী","Salahuddin Quader Chowdhury",male,,1949-03-13,2015-11-22,"সালাউদ্দিন কাদের চৌধুরী",,,"Salahuddin Quader Chowdhury","Salahuddin Quader Chowdhury",,"Salahuddin Quader Chowdhury",,,"Salahuddin Quader Chowdhury",,,,,,,,,,,,,,"沙拉胡丁·卡特·喬杜里",,,,,,,,,,"صلاح الدين قادر تشودري",,,,,,,,,,,,,,,,,,,,,,,"சலாலுதீன் காதர் சௌத்ரி",,,,,,,,,,,,,,,,,,,,,,,,,,"صلاح الدين قادر تشودري",,,,,,,,,,,,,,,,,,,,,,,,,,,,,,,,,,,,,,,,,,,,,,,,,"சலாகுதீன் காதர் சௌத்ரி",,,,,,,,,"Salahuddin Quader Chowdhury",,,,,,,,,,,,,,,,,,,,,,,,,,,,,,,,,,,,,,,,,,,,,,,,,,,,,,,,,,,,,,,,,,
Q7429149,"সৈয়দ আশরাফুল ইসলাম","Sayed Ashraful Islam","Sayed Ashraful Islam",,"Sayed Ashraful Islam","সৈয়দ আশরাফুল ইসলাম","Sayed Ashraful Islam",male,,1952-01-01,,"Sayed Ashraful Islam",,,"Sayed Ashraful Islam","Sayed Ashraful Islam",,,,,,,,,,,,,,,,,,,,,,,,,,,,,,,,,,,,,,,,,,,,,,,,,,,,,,,,,,,,,,,,,,,,,,,,,,,,,,,,,,,,,,,,,,,,,,,,,,,,,,,,,,,,,,,,,,,,,,,,,,,,,,,,,,,,,,,,,,,,,,,,,,,,,,,,,,,,,,,,,,,,,,,,,,,,,,,,,,,,,,,,,,,,,,,,,,,,,,,,,,
Q7461056,,"Shafique Ahmed","Shafique Ahmed","Shafique Ahmed","Shafique Ahmed",,"Shafique Ahmed",male,,1937-07-16,,"Shafique Ahmed",,,"Shafique Ahmed","Shafique Ahmed",,,,,,,,,,,https://upload.wikimedia.org/wikipedia/commons/6/62/Shafique_Ahmed.JPG,,,,,Shafique,,,,,,,,,,,,,,,,,,,,,,,,"Shafique Ahmed",,,,,,,,,,,,,,,,,,,,,,,,,,,,,,,,,,,,,,,,,,,,,,,,,,,,,,,,,,,,,,,,,,,,,,,,,,,,,,,,,,,,,,,,,,,,,,,,,,,,,,,,,,,,,,,,,,,,,,,,,,,,,,,,,,,,,,,,,,,,,,,,,,,,,,,,,,,,,,,,,,
Q753783,"আতাউর রহমান খান","Ataur Rahman Khan","Ataur Rahman Khan","Ataur Rahman Khan","Ataur Rahman Khan","আতাউর রহমান খান","Ataur Rahman Khan",male,politician,1907,1991-12-07,"Ataur Rahman Khan",,"Атаур Хан","Ataur Rahman Khan","Ataur Rahman Khan","Ataur Rahman Khan",,"Ataur Rahman Khan","अताउर रहमान खान","Ataur Rahman Khan","Ataur Rahman Khan","अताउर रहमान खान",,"Ataur Rahman Khan","Атаур Хан",https://upload.wikimedia.org/wikipedia/commons/f/f8/Rally_at_Dhaka_21_Feb_1954.png,/m/02rrfb3,65561306,n88147810,1760812,,,,,,,"Хан, Атаур",,"Хан, Атаур",,,,,,,,,,,,,,,,,,,,,,,,,,,,,,,,,,,,,,,,,,,,,,,,,,,,,,,,,,,,,,,,,,,,,,,,,,,,,,,,,,,,,,,,,,,,,,,,,,,,,,,,,,,,,,,,,,,,,,,,,,,,,,,,,,,,,,,,,,,,,,,,,,,,,,,,,,,,,,,,,,,,,,,,,,,,,,,,,,
Q7812953,"তোফায়েল আহমেদ","Tofael Ahmed","Tofael Ahmed",,"Tofael Ahmed","তোফায়েল আহমেদ","Tofael Ahmed",male,,,,"তোফায়েল আহমেদ",,,"Tofael Ahmed",,,,,,,,,,,,,,,,,,,,,,,,,,,,,,,,,,,,,,,,,,,,,,,,,,,,,,,,,,,,,,,,,,,,,,,,,,,,,,,,,,,,,,,,,,,,,,,,,,,,,,,,,,,,,,,,,,,,,,,,,,,,,,,,,,,,,,,,,,,,,,,,,,,,,,,,,,,,,,,,,,,,,,,,,,,,,,,,,,,,,,,,,,,,,,,,,,,,,,,,,,,
Q8046660,,"Yafes Osman","Yafes Osman","Yafes Osman","Yafes Osman",,"Yafes Osman",male,architect,1946-05-01,,"Yafes Osman",,,,"Yafes Osman",,,"Yafes Osman",,,,,,,,"https://upload.wikimedia.org/wikipedia/commons/4/4a/YafesOsmanMP,StateMinister.jpg",,,,,,,,,,,,,,,,,,,,,,,,,,,,,,,,,,,,,,,,,,,,,,,,,,,,,,,,,,,,,,,,,,,,,,,,,,,,,,,,,,,,,,,,,,,,,,,,,,,,,,,,,,,,,,,,,,,,,,,,,,,,,,,,,,,,,,,,,,,,,,,,,,,,,,,,,,,,,,,,,,,,,,,,,,,,,,,,,,,,,,,,,,,,,,,
